site,lead_scenario,episode,steps,init_inv_frac,EENS_kWh,outage_hours,uptime_pct,diesel_kWh,stockout_events,orders_placed,violations,mean_soc,mean_inv_pct,min_inv_pct,dg_on_fraction,grid_kWh,cost_proxy,policy,seed,train_scenario,experiment_tag,train_steps,init_low,init_high,episode_len
site2,monsoon,0,360,0.6036184047290367,140.62800000000001,18,95.0,608.9334200000001,0,1,0,0.6408744709317017,0.3104975797850027,0.057591784818518364,0.2638888888888889,2409.114428571428,1572.5791914285714,b1,99,normal,main,0,0.3,0.9,360
site2,monsoon,1,360,0.8009889783012054,29.142,4,98.8889,720.4194200000001,0,1,0,0.6408744709317017,0.40712127459238345,0.05396562325966046,0.3111111111111111,2409.114428571428,1684.0651914285713,b1,99,normal,main,0,0.3,0.9,360
