site,lead_scenario,episode,steps,init_inv_frac,EENS_kWh,outage_hours,uptime_pct,diesel_kWh,stockout_events,orders_placed,violations,mean_soc,mean_inv_pct,min_inv_pct,dg_on_fraction,grid_kWh,cost_proxy,policy,seed,train_scenario,experiment_tag,train_steps,init_low,init_high,episode_len
site2,monsoon,0,360,0.7094111179488861,15.683600000000004,3,99.1667,733.87782,0,1,0,0.6408744709317017,0.40907267570021477,0.06150561488843142,0.3111111111111111,2409.114428571428,1697.5235914285713,b1,123,normal,main,0,0.3,0.9,360
site2,monsoon,1,360,0.7711518684233507,20.421999999999997,3,99.1667,729.13942,0,1,0,0.6408744709317017,0.45886702476022284,0.06425041333977131,0.3194444444444444,2409.114428571428,1692.7851914285711,b1,123,normal,main,0,0.3,0.9,360
