site,lead_scenario,episode,steps,init_inv_frac,EENS_kWh,outage_hours,uptime_pct,diesel_kWh,stockout_events,orders_placed,violations,mean_soc,mean_inv_pct,min_inv_pct,dg_on_fraction,grid_kWh,cost_proxy,policy,seed,train_scenario,experiment_tag,train_steps,init_low,init_high,episode_len
site2,monsoon,0,360,0.818878552209952,0.0,0,100.0,749.56142,0,1,0,0.6408744709317017,0.56881100835367,0.2255242880146816,0.3277777777777778,2409.114428571428,1713.2071914285712,b1,13,normal,main,0,0.3,0.9,360
site2,monsoon,1,360,0.798589991333467,20.421999999999997,3,99.1667,729.13942,0,1,0,0.6408744709317017,0.4529718143370055,0.09168853624988747,0.3194444444444444,2409.114428571428,1692.7851914285711,b1,13,normal,main,0,0.3,0.9,360
