site,lead_scenario,episode,steps,init_inv_frac,EENS_kWh,outage_hours,uptime_pct,diesel_kWh,stockout_events,orders_placed,violations,mean_soc,mean_inv_pct,min_inv_pct,dg_on_fraction,grid_kWh,cost_proxy,policy,seed,train_scenario,experiment_tag,train_steps,init_low,init_high,episode_len
site2,monsoon,0,360,0.853525304393131,0.0,0,100.0,749.56142,0,4,0,0.6408744709317017,0.7142910938701829,0.5080710442285634,0.5,2409.114428571428,1713.2071914285712,rlinv,314,normal,main,0,0.3,0.9,360
site2,monsoon,1,360,0.7712925668766641,0.0,0,100.0,749.56142,0,4,0,0.6408744709317017,0.5237250230203824,0.2922714805447759,0.4888888888888889,2409.114428571428,1713.2071914285712,rlinv,314,normal,main,0,0.3,0.9,360
site2,monsoon,2,360,0.8979159277877529,36.565,4,98.8889,712.9964200000001,0,2,0,0.6408744709317017,0.41869383416413203,0.054707632602138706,0.4861111111111111,2409.114428571428,1676.6421914285713,rlinv,314,normal,main,0,0.3,0.9,360
site2,monsoon,3,360,0.8605742878096678,0.0,0,100.0,749.56142,0,4,0,0.6408744709317017,0.6363400772867193,0.26722002361439745,0.49722222222222223,2409.114428571428,1713.2071914285712,rlinv,314,normal,main,0,0.3,0.9,360
site2,monsoon,4,360,0.8753426436498792,0.0,0,100.0,749.56142,0,4,0,0.6408744709317017,0.6902750997935975,0.4395781921421088,0.5027777777777778,2409.114428571428,1713.2071914285712,rlinv,314,normal,main,0,0.3,0.9,360
