site,lead_scenario,episode,steps,init_inv_frac,EENS_kWh,outage_hours,uptime_pct,diesel_kWh,stockout_events,orders_placed,violations,mean_soc,mean_inv_pct,min_inv_pct,dg_on_fraction,grid_kWh,cost_proxy,policy,seed,train_scenario,experiment_tag,train_steps,init_low,init_high,episode_len
site7,monsoon,0,360,0.7094111179488861,0.0,0,100.0,276.784,0,3,0,0.700036537298751,0.7385848934250092,0.5217508552552966,0.5777777777777777,765.2942142857142,582.9016857142857,rlinv,123,normal,main,0,0.3,0.9,360
site7,monsoon,1,360,0.7711518684233507,0.0,0,100.0,276.784,0,3,0,0.700036537298751,0.7278256438994739,0.466919038259331,0.5722222222222222,765.2942142857142,582.9016857142857,rlinv,123,normal,main,0,0.3,0.9,360
site7,monsoon,2,360,0.8110496901605238,0.0,0,100.0,276.784,0,3,0,0.700036537298751,0.7460567989699801,0.5859751949635035,0.6027777777777777,765.2942142857142,582.9016857142857,rlinv,123,normal,main,0,0.3,0.9,360
site7,monsoon,3,360,0.30370564558119556,15.425,5,98.6111,261.359,0,4,0,0.700036537298751,0.5382908645288238,0.12902976503489746,0.5388888888888889,765.2942142857142,567.4766857142856,rlinv,123,normal,main,0,0.3,0.9,360
site7,monsoon,4,360,0.33747994064002396,7.1274999999999995,3,99.1667,269.6565,0,5,0,0.700036537298751,0.5555763583722042,0.13569336284482042,0.5277777777777778,765.2942142857142,575.7741857142857,rlinv,123,normal,main,0,0.3,0.9,360
