site,lead_scenario,episode,steps,init_inv_frac,EENS_kWh,outage_hours,uptime_pct,diesel_kWh,stockout_events,orders_placed,violations,mean_soc,mean_inv_pct,min_inv_pct,dg_on_fraction,grid_kWh,cost_proxy,policy,seed,train_scenario,experiment_tag,train_steps,init_low,init_high,episode_len
site7,monsoon,0,360,0.7643736291335781,13.0155,4,98.8889,263.7685,0,1,0,0.700036537298751,0.46360377064540936,0.13870088522715449,0.3111111111111111,765.2942142857142,569.8861857142857,b1,42,normal,main,0,0.3,0.9,360
site7,monsoon,1,360,0.6913795576205464,0.0,0,100.0,276.784,0,1,0,0.700036537298751,0.5138866664300027,0.19382081096956283,0.325,765.2942142857142,582.9016857142857,b1,42,normal,main,0,0.3,0.9,360
site7,monsoon,2,360,0.37353930580432293,77.5806,22,93.8889,199.20340000000002,0,1,0,0.700036537298751,0.3093881640528873,0.12946222941407276,0.21666666666666667,765.2942142857142,505.3210857142857,b1,42,normal,main,0,0.3,0.9,360
site7,monsoon,3,360,0.6438783941685035,0.9094999999999995,1,99.7222,275.8745,0,1,0,0.700036537298751,0.42457926219002423,0.14929128706532102,0.30833333333333335,765.2942142857142,581.9921857142857,b1,42,normal,main,0,0.3,0.9,360
site7,monsoon,4,360,0.8433625660141872,0.0,0,100.0,276.784,0,1,0,0.700036537298751,0.5675363414903103,0.2284565671904272,0.325,765.2942142857142,582.9016857142857,b1,42,normal,main,0,0.3,0.9,360
