site,lead_scenario,episode,steps,init_inv_frac,EENS_kWh,outage_hours,uptime_pct,diesel_kWh,stockout_events,orders_placed,violations,mean_soc,mean_inv_pct,min_inv_pct,dg_on_fraction,grid_kWh,cost_proxy,policy,seed,train_scenario,experiment_tag,train_steps,init_low,init_high,episode_len
site5,monsoon,0,360,0.6036184047290367,0.0,0,100.0,710.6301599999999,0,3,0,0.5744197124756335,0.5001202385643901,0.09008097073712062,0.6472222222222223,1705.3125714285716,1392.7551885714286,rlinv,99,normal,main,0,0.3,0.9,360
site5,monsoon,1,360,0.8009889783012054,90.55880000000002,16,95.5556,620.07136,0,2,0,0.5744197124756335,0.40542691497931826,0.06871350567333442,0.5944444444444444,1705.3125714285716,1302.1963885714285,rlinv,99,normal,main,0,0.3,0.9,360
site5,monsoon,2,360,0.8661195033663325,151.78204,26,92.7778,558.8481200000001,0,1,0,0.5744197124756335,0.37597714084479217,0.06658876840418926,0.45555555555555555,1705.3125714285716,1240.9731485714287,rlinv,99,normal,main,0,0.3,0.9,360
site5,monsoon,3,360,0.3959946870025822,0.0,0,100.0,710.6301599999999,0,4,0,0.5744197124756335,0.40166318750460234,0.09992866892985176,0.6416666666666667,1705.3125714285716,1392.7551885714286,rlinv,99,normal,main,0,0.3,0.9,360
site5,monsoon,4,360,0.48760993963376853,0.0,0,100.0,710.6301599999999,0,5,0,0.5744197124756335,0.4624451068024557,0.20126856879652316,0.6277777777777778,1705.3125714285716,1392.7551885714286,rlinv,99,normal,main,0,0.3,0.9,360
