site,lead_scenario,episode,steps,init_inv_frac,EENS_kWh,outage_hours,uptime_pct,diesel_kWh,stockout_events,orders_placed,violations,mean_soc,mean_inv_pct,min_inv_pct,dg_on_fraction,grid_kWh,cost_proxy,policy,seed,train_scenario,experiment_tag,train_steps,init_low,init_high,episode_len
site7,monsoon,0,360,0.7686705532904826,0.0,0,100.0,276.784,0,1,0,0.700036537298751,0.501177662099939,0.15376455446672257,0.325,765.2942142857142,582.9016857142857,b1,21,normal,main,0,0.3,0.9,360
site7,monsoon,1,360,0.5198081492592457,159.59817,48,86.6667,117.18583000000001,0,1,0,0.700036537298751,0.21607484288141127,0.13692299602131844,0.125,765.2942142857142,423.3035157142857,b1,21,normal,main,0,0.3,0.9,360
site7,monsoon,2,360,0.7163598483944187,0.0,0,100.0,276.784,0,1,0,0.700036537298751,0.5188669572038751,0.21880110174343517,0.325,765.2942142857142,582.9016857142857,b1,21,normal,main,0,0.3,0.9,360
site7,monsoon,3,360,0.49816130200158926,165.52547,50,86.1111,111.25853000000001,0,1,0,0.700036537298751,0.19600414989996792,0.1346426128556701,0.11944444444444445,765.2942142857142,417.3762157142857,b1,21,normal,main,0,0.3,0.9,360
site7,monsoon,4,360,0.3964327399392047,0.0,0,100.0,276.784,0,2,0,0.700036537298751,0.5506065154153278,0.2070231470489217,0.325,765.2942142857142,582.9016857142857,b1,21,normal,main,0,0.3,0.9,360
