site,lead_scenario,episode,steps,init_inv_frac,EENS_kWh,outage_hours,uptime_pct,diesel_kWh,stockout_events,orders_placed,violations,mean_soc,mean_inv_pct,min_inv_pct,dg_on_fraction,grid_kWh,cost_proxy,policy,seed,train_scenario,experiment_tag,train_steps,init_low,init_high,episode_len
site5,monsoon,0,360,0.6400458858338742,0.0,0,100.0,710.6301599999999,0,4,0,0.5744197124756335,0.5998810530025611,0.35701094566566577,0.6138888888888889,1705.3125714285716,1392.7551885714286,rlinv,500,normal,main,0,0.3,0.9,360
site5,monsoon,1,360,0.8978558151376326,25.759999999999998,3,99.1667,684.8701599999999,0,2,0,0.5744197124756335,0.4637677418374908,0.05770532003538201,0.5972222222222222,1705.3125714285716,1366.9951885714286,rlinv,500,normal,main,0,0.3,0.9,360
site5,monsoon,2,360,0.38375680226035874,0.0,0,100.0,710.6301599999999,0,5,0,0.5744197124756335,0.684425302762379,0.30397089153192247,0.6166666666666667,1705.3125714285716,1392.7551885714286,rlinv,500,normal,main,0,0.3,0.9,360
site5,monsoon,3,360,0.5469648678219678,0.0,0,100.0,710.6301599999999,0,4,0,0.5744197124756335,0.515133368323988,0.2639299276537593,0.6027777777777777,1705.3125714285716,1392.7551885714286,rlinv,500,normal,main,0,0.3,0.9,360
site5,monsoon,4,360,0.307781120326638,0.0,0,100.0,710.6301599999999,0,6,0,0.5744197124756335,0.4634496208286581,0.09424368633472195,0.6333333333333333,1705.3125714285716,1392.7551885714286,rlinv,500,normal,main,0,0.3,0.9,360
