site,lead_scenario,episode,steps,init_inv_frac,EENS_kWh,outage_hours,uptime_pct,diesel_kWh,stockout_events,orders_placed,violations,mean_soc,mean_inv_pct,min_inv_pct,dg_on_fraction,grid_kWh,cost_proxy,policy,seed,train_scenario,experiment_tag,train_steps,init_low,init_high,episode_len
site5,monsoon,0,360,0.6400458858338742,61.4568,9,97.5,649.17336,0,2,0,0.5744197124756335,0.3707101393256344,0.062571340149288,0.30833333333333335,1705.3125714285716,1331.2983885714286,b1,500,normal,main,0,0.3,0.9,360
site5,monsoon,1,360,0.8978558151376326,119.77616,20,94.4444,590.854,0,1,0,0.5744197124756335,0.4596315903834818,0.06758012941935128,0.2611111111111111,1705.3125714285716,1272.9790285714287,b1,500,normal,main,0,0.3,0.9,360
site5,monsoon,2,360,0.38375680226035874,0.0,0,100.0,710.6301599999999,0,2,0,0.5744197124756335,0.45859196942904557,0.18422606729821542,0.3333333333333333,1705.3125714285716,1392.7551885714286,b1,500,normal,main,0,0.3,0.9,360
site5,monsoon,3,360,0.5469648678219678,65.7996,10,97.2222,644.83056,0,2,0,0.5744197124756335,0.34631993970668584,0.07347105077340293,0.3,1705.3125714285716,1326.9555885714285,b1,500,normal,main,0,0.3,0.9,360
site5,monsoon,4,360,0.307781120326638,110.11616000000001,19,94.7222,600.5140000000001,0,2,0,0.5744197124756335,0.3634677705083937,0.061423767708622484,0.2638888888888889,1705.3125714285716,1282.6390285714288,b1,500,normal,main,0,0.3,0.9,360
