site,lead_scenario,episode,steps,init_inv_frac,EENS_kWh,outage_hours,uptime_pct,diesel_kWh,stockout_events,orders_placed,violations,mean_soc,mean_inv_pct,min_inv_pct,dg_on_fraction,grid_kWh,cost_proxy,policy,seed,train_scenario,experiment_tag,train_steps,init_low,init_high,episode_len
site5,monsoon,0,360,0.818878552209952,0.0,0,100.0,710.6301599999999,0,3,0,0.5744197124756335,0.6262137193786389,0.33883953002857203,0.5972222222222222,1705.3125714285716,1392.7551885714286,rlinv,13,normal,main,0,0.3,0.9,360
site5,monsoon,1,360,0.798589991333467,0.0,0,100.0,710.6301599999999,0,4,0,0.5744197124756335,0.6250918251688204,0.3411499396590424,0.5805555555555556,1705.3125714285716,1392.7551885714286,rlinv,13,normal,main,0,0.3,0.9,360
site5,monsoon,2,360,0.7156460207790915,88.9388,12,96.6667,621.69136,0,3,0,0.5744197124756335,0.3868937036058542,0.06417782785236123,0.5166666666666667,1705.3125714285716,1303.8163885714287,rlinv,13,normal,main,0,0.3,0.9,360
site5,monsoon,3,360,0.6401501033276191,0.0,0,100.0,710.6301599999999,0,4,0,0.5744197124756335,0.5341519371629727,0.1559518892916201,0.5833333333333334,1705.3125714285716,1392.7551885714286,rlinv,13,normal,main,0,0.3,0.9,360
site5,monsoon,4,360,0.807044875678741,0.0,0,100.0,710.6301599999999,0,4,0,0.5744197124756335,0.7118800428474278,0.42725896495030447,0.6027777777777777,1705.3125714285716,1392.7551885714286,rlinv,13,normal,main,0,0.3,0.9,360
