site,lead_scenario,episode,steps,init_inv_frac,EENS_kWh,outage_hours,uptime_pct,diesel_kWh,stockout_events,orders_placed,violations,mean_soc,mean_inv_pct,min_inv_pct,dg_on_fraction,grid_kWh,cost_proxy,policy,seed,train_scenario,experiment_tag,train_steps,init_low,init_high,episode_len
site5,monsoon,0,360,0.818878552209952,0.0,0,100.0,710.6301599999999,0,2,0,0.5744197124756335,0.5453803860453056,0.13909264148151573,0.3333333333333333,1705.3125714285716,1392.7551885714286,b1,13,normal,main,0,0.3,0.9,360
site5,monsoon,1,360,0.798589991333467,34.3668,6,98.3333,676.2633599999999,0,1,0,0.5744197124756335,0.43989597991389257,0.056272033805049256,0.3138888888888889,1705.3125714285716,1358.3883885714285,b1,13,normal,main,0,0.3,0.9,360
site5,monsoon,2,360,0.7156460207790915,316.01164,51,85.8333,394.61852,0,1,0,0.5744197124756335,0.26756346193321284,0.05869740886334205,0.16666666666666666,1705.3125714285716,1076.7435485714286,b1,13,normal,main,0,0.3,0.9,360
site5,monsoon,3,360,0.6401501033276191,52.60680000000001,8,97.7778,658.02336,0,2,0,0.5744197124756335,0.42223126931690974,0.13790979061744202,0.3111111111111111,1705.3125714285716,1340.1483885714288,b1,13,normal,main,0,0.3,0.9,360
site5,monsoon,4,360,0.807044875678741,0.0,0,100.0,710.6301599999999,0,2,0,0.5744197124756335,0.5168800428474278,0.1272589649503046,0.3333333333333333,1705.3125714285716,1392.7551885714286,b1,13,normal,main,0,0.3,0.9,360
