site,lead_scenario,episode,steps,init_inv_frac,EENS_kWh,outage_hours,uptime_pct,diesel_kWh,stockout_events,orders_placed,violations,mean_soc,mean_inv_pct,min_inv_pct,dg_on_fraction,grid_kWh,cost_proxy,policy,seed,train_scenario,experiment_tag,train_steps,init_low,init_high,episode_len
site2,monsoon,0,360,0.6036184047290367,0.0,0,100.0,749.56142,0,4,0,0.6408744709317017,0.46938419420608823,0.16785395322126617,0.7833333333333333,2409.114428571428,1713.2071914285712,rlinv,99,normal,main,0,0.3,0.9,360
site2,monsoon,1,360,0.8009889783012054,0.0,0,100.0,749.56142,0,4,0,0.6408744709317017,0.49925476777825695,0.15553471813663752,0.6694444444444444,2409.114428571428,1713.2071914285712,rlinv,99,normal,main,0,0.3,0.9,360
site2,monsoon,2,360,0.8661195033663325,88.89699999999999,10,97.2222,660.6644200000001,0,2,0,0.6408744709317017,0.3683997421118755,0.04863572694363833,0.6361111111111111,2409.114428571428,1624.3101914285712,rlinv,99,normal,main,0,0.3,0.9,360
site2,monsoon,3,360,0.3959946870025822,0.0,0,100.0,749.56142,0,4,0,0.6408744709317017,0.3742604764796338,0.06739941559235467,0.7916666666666666,2409.114428571428,1713.2071914285712,rlinv,99,normal,main,0,0.3,0.9,360
site2,monsoon,4,360,0.48760993963376853,0.0,0,100.0,749.56142,0,4,0,0.6408744709317017,0.5842090624441533,0.35131026842392427,0.6722222222222223,2409.114428571428,1713.2071914285712,rlinv,99,normal,main,0,0.3,0.9,360
