site,lead_scenario,episode,steps,init_inv_frac,EENS_kWh,outage_hours,uptime_pct,diesel_kWh,stockout_events,orders_placed,violations,mean_soc,mean_inv_pct,min_inv_pct,dg_on_fraction,grid_kWh,cost_proxy,policy,seed,train_scenario,experiment_tag,train_steps,init_low,init_high,episode_len
site5,monsoon,0,360,0.853525304393131,0.0,0,100.0,710.6301599999999,0,3,0,0.5744197124756335,0.7241938048951511,0.5010966064421281,0.7138888888888889,1705.3125714285716,1392.7551885714286,rlinv,314,normal,main,0,0.3,0.9,360
site5,monsoon,1,360,0.7712925668766641,0.0,0,100.0,710.6301599999999,0,3,0,0.5744197124756335,0.4769610673786845,0.18825762670845594,0.8611111111111112,1705.3125714285716,1392.7551885714286,rlinv,314,normal,main,0,0.3,0.9,360
site5,monsoon,2,360,0.8979159277877529,132.98123999999999,23,93.6111,577.6489200000001,0,2,0,0.5744197124756335,0.40653332728565844,0.06708620700278094,0.6555555555555556,1705.3125714285716,1259.7739485714287,rlinv,314,normal,main,0,0.3,0.9,360
site5,monsoon,3,360,0.8605742878096678,0.0,0,100.0,710.6301599999999,0,3,0,0.5744197124756335,0.6012427883116879,0.18004122883023754,0.8138888888888889,1705.3125714285716,1392.7551885714286,rlinv,314,normal,main,0,0.3,0.9,360
site5,monsoon,4,360,0.8753426436498792,0.0,0,100.0,710.6301599999999,0,3,0,0.5744197124756335,0.6893444774852326,0.4179025919754546,0.7722222222222223,1705.3125714285716,1392.7551885714286,rlinv,314,normal,main,0,0.3,0.9,360
