site,lead_scenario,episode,steps,init_inv_frac,EENS_kWh,outage_hours,uptime_pct,diesel_kWh,stockout_events,orders_placed,violations,mean_soc,mean_inv_pct,min_inv_pct,dg_on_fraction,grid_kWh,cost_proxy,policy,seed,train_scenario,experiment_tag,train_steps,init_low,init_high,episode_len
site7,monsoon,0,360,0.7643736291335781,0.0,0,100.0,276.784,0,2,0,0.700036537298751,0.5460474046097011,0.16002807597406685,0.5611111111111111,765.2942142857142,582.9016857142857,rlinv,42,normal,main,0,0.3,0.9,360
site7,monsoon,1,360,0.6913795576205464,0.0,0,100.0,276.784,0,4,0,0.700036537298751,0.7638866664300027,0.5447667039317273,0.49444444444444446,765.2942142857142,582.9016857142857,rlinv,42,normal,main,0,0.3,0.9,360
site7,monsoon,2,360,0.37353930580432293,54.328100000000006,15,95.8333,222.45590000000004,0,3,0,0.700036537298751,0.4637658051472261,0.12946222941407276,0.4083333333333333,765.2942142857142,528.5735857142857,rlinv,42,normal,main,0,0.3,0.9,360
site7,monsoon,3,360,0.6438783941685035,0.0,0,100.0,276.784,0,4,0,0.700036537298751,0.6363855029779598,0.44209181637329986,0.5166666666666667,765.2942142857142,582.9016857142857,rlinv,42,normal,main,0,0.3,0.9,360
site7,monsoon,4,360,0.8433625660141872,0.0,0,100.0,276.784,0,2,0,0.700036537298751,0.6075363414903104,0.23901701285467622,0.5388888888888889,765.2942142857142,582.9016857142857,rlinv,42,normal,main,0,0.3,0.9,360
