site,lead_scenario,episode,steps,init_inv_frac,EENS_kWh,outage_hours,uptime_pct,diesel_kWh,stockout_events,orders_placed,violations,mean_soc,mean_inv_pct,min_inv_pct,dg_on_fraction,grid_kWh,cost_proxy,policy,seed,train_scenario,experiment_tag,train_steps,init_low,init_high,episode_len
site5,monsoon,0,360,0.7686705532904826,0.0,0,100.0,710.6301599999999,0,2,0,0.5744197124756335,0.47683905379250285,0.08888464256204627,0.3333333333333333,1705.3125714285716,1392.7551885714286,b1,21,normal,main,0,0.3,0.9,360
site5,monsoon,1,360,0.5198081492592457,434.03004,67,81.3889,276.60012,0,1,0,0.5744197124756335,0.1725007012314787,0.05933289105359995,0.11666666666666667,1705.3125714285716,958.7251485714287,b1,21,normal,main,0,0.3,0.9,360
site5,monsoon,2,360,0.7163598483944187,0.0,0,100.0,710.6301599999999,0,2,0,0.5744197124756335,0.45786168222977214,0.1333249082262101,0.3333333333333333,1705.3125714285716,1392.7551885714286,b1,21,normal,main,0,0.3,0.9,360
site5,monsoon,3,360,0.49816130200158926,450.59204,69,80.8333,260.03812,0,1,0,0.5744197124756335,0.16574321343736728,0.06525794516172004,0.1111111111111111,1705.3125714285716,942.1631485714286,b1,21,normal,main,0,0.3,0.9,360
site5,monsoon,4,360,0.3964327399392047,0.0,0,100.0,710.6301599999999,0,2,0,0.5744197124756335,0.5246012404412249,0.19690200497706148,0.3333333333333333,1705.3125714285716,1392.7551885714286,b1,21,normal,main,0,0.3,0.9,360
