site,lead_scenario,episode,steps,init_inv_frac,EENS_kWh,outage_hours,uptime_pct,diesel_kWh,stockout_events,orders_placed,violations,mean_soc,mean_inv_pct,min_inv_pct,dg_on_fraction,grid_kWh,cost_proxy,policy,seed,train_scenario,experiment_tag,train_steps,init_low,init_high,episode_len
site7,monsoon,0,360,0.6036184047290367,0.0,0,100.0,276.784,0,4,0,0.700036537298751,0.5277921802051596,0.2183474447865416,0.5694444444444444,765.2942142857142,582.9016857142857,rlinv,99,normal,main,0,0.3,0.9,360
site7,monsoon,1,360,0.8009889783012054,0.0,0,100.0,276.784,0,2,0,0.700036537298751,0.5034960871106618,0.19664342514169428,0.525,765.2942142857142,582.9016857142857,rlinv,99,normal,main,0,0.3,0.9,360
site7,monsoon,2,360,0.8661195033663325,21.3845,6,98.3333,255.3995,0,2,0,0.700036537298751,0.4399152166251707,0.1394606782993522,0.48055555555555557,765.2942142857142,561.5171857142857,rlinv,99,normal,main,0,0.3,0.9,360
site7,monsoon,3,360,0.3959946870025822,4.51,1,99.7222,272.274,0,4,0,0.700036537298751,0.3102231540061473,0.1357769845912904,0.4638888888888889,765.2942142857142,578.3916857142857,rlinv,99,normal,main,0,0.3,0.9,360
site7,monsoon,4,360,0.48760993963376853,0.0,0,100.0,276.784,0,4,0,0.700036537298751,0.602617048443225,0.38943147789424026,0.5527777777777778,765.2942142857142,582.9016857142857,rlinv,99,normal,main,0,0.3,0.9,360
