site,lead_scenario,episode,steps,init_inv_frac,EENS_kWh,outage_hours,uptime_pct,diesel_kWh,stockout_events,orders_placed,violations,mean_soc,mean_inv_pct,min_inv_pct,dg_on_fraction,grid_kWh,cost_proxy,policy,seed,train_scenario,experiment_tag,train_steps,init_low,init_high,episode_len
site5,monsoon,0,360,0.7686705532904826,0.0,0,100.0,710.6301599999999,0,4,0,0.5744197124756335,0.8010057204591694,0.6164578091521336,0.5805555555555556,1705.3125714285716,1392.7551885714286,rlinv,21,normal,main,0,0.3,0.9,360
site5,monsoon,1,360,0.5198081492592457,215.11919999999998,30,91.6667,495.51096,0,4,0,0.5744197124756335,0.26240166080423244,0.06236809758482102,0.3611111111111111,1705.3125714285716,1177.6359885714287,rlinv,21,normal,main,0,0.3,0.9,360
site5,monsoon,2,360,0.7163598483944187,138.52148,23,93.6111,572.10868,0,2,0,0.5744197124756335,0.44117599983362976,0.06393115044341602,0.4111111111111111,1705.3125714285716,1254.2337085714287,rlinv,21,normal,main,0,0.3,0.9,360
site5,monsoon,3,360,0.49816130200158926,313.68176,46,87.2222,396.9484,0,2,0,0.5744197124756335,0.21559258922304572,0.06794022070093868,0.2861111111111111,1705.3125714285716,1079.0734285714286,rlinv,21,normal,main,0,0.3,0.9,360
site5,monsoon,4,360,0.3964327399392047,0.0,0,100.0,710.6301599999999,0,5,0,0.5744197124756335,0.6996012404412244,0.33138003335804006,0.5694444444444444,1705.3125714285716,1392.7551885714286,rlinv,21,normal,main,0,0.3,0.9,360
