site,lead_scenario,episode,steps,init_inv_frac,EENS_kWh,outage_hours,uptime_pct,diesel_kWh,stockout_events,orders_placed,violations,mean_soc,mean_inv_pct,min_inv_pct,dg_on_fraction,grid_kWh,cost_proxy,policy,seed,train_scenario,experiment_tag,train_steps,init_low,init_high,episode_len
site7,monsoon,0,360,0.6400458858338742,35.2545,12,96.6667,241.52950000000004,0,1,0,0.700036537298751,0.4063516915219383,0.14032808540258618,0.275,765.2942142857142,547.6471857142858,b1,500,normal,main,0,0.3,0.9,360
site7,monsoon,1,360,0.8978558151376326,42.3173,13,96.3889,234.4667,0,1,0,0.700036537298751,0.4424629143266079,0.13177498131419918,0.26944444444444443,765.2942142857142,540.5843857142856,b1,500,normal,main,0,0.3,0.9,360
site7,monsoon,2,360,0.38375680226035874,0.0,0,100.0,276.784,0,2,0,0.700036537298751,0.4845972444031484,0.1586823070633386,0.325,765.2942142857142,582.9016857142857,b1,500,normal,main,0,0.3,0.9,360
site7,monsoon,3,360,0.5469648678219678,27.442500000000003,8,97.7778,249.34150000000002,0,1,0,0.700036537298751,0.406562402800585,0.1390699125844327,0.2972222222222222,765.2942142857142,555.4591857142857,b1,500,normal,main,0,0.3,0.9,360
site7,monsoon,4,360,0.307781120326638,40.717,12,96.6667,236.067,0,2,0,0.700036537298751,0.3820105902199778,0.1364715731790198,0.2722222222222222,765.2942142857142,542.1846857142857,b1,500,normal,main,0,0.3,0.9,360
