site,lead_scenario,episode,steps,init_inv_frac,EENS_kWh,outage_hours,uptime_pct,diesel_kWh,stockout_events,orders_placed,violations,mean_soc,mean_inv_pct,min_inv_pct,dg_on_fraction,grid_kWh,cost_proxy,policy,seed,train_scenario,experiment_tag,train_steps,init_low,init_high,episode_len
site7,monsoon,0,360,0.6750572799628003,0.0,0,100.0,276.784,0,1,0,0.700036537298751,0.5142310554389232,0.17749853331181678,0.325,765.2942142857142,582.9016857142857,b1,7,normal,main,0,0.3,0.9,360
site7,monsoon,1,360,0.49618336596333645,41.024300000000004,13,96.3889,235.7597,0,1,0,0.700036537298751,0.3720893970973915,0.13266467681741734,0.26666666666666666,765.2942142857142,541.8773857142858,b1,7,normal,main,0,0.3,0.9,360
site7,monsoon,2,360,0.8221495223820507,0.0,0,100.0,276.784,0,1,0,0.700036537298751,0.5663232978581738,0.20724352355829065,0.325,765.2942142857142,582.9016857142857,b1,7,normal,main,0,0.3,0.9,360
site7,monsoon,3,360,0.8736010257773852,50.512800000000006,15,95.8333,226.2712,0,1,0,0.700036537298751,0.4265616113924062,0.13429762121618802,0.2638888888888889,765.2942142857142,532.3888857142857,b1,7,normal,main,0,0.3,0.9,360
site7,monsoon,4,360,0.3771421216615198,129.80667,38,89.4444,146.97733,0,1,0,0.700036537298751,0.2853878462652649,0.13306504527126956,0.17222222222222222,765.2942142857142,453.0950157142857,b1,7,normal,main,0,0.3,0.9,360
