site,lead_scenario,episode,steps,init_inv_frac,EENS_kWh,outage_hours,uptime_pct,diesel_kWh,stockout_events,orders_placed,violations,mean_soc,mean_inv_pct,min_inv_pct,dg_on_fraction,grid_kWh,cost_proxy,policy,seed,train_scenario,experiment_tag,train_steps,init_low,init_high,episode_len
site5,monsoon,0,360,0.7643736291335781,4.974800000000001,2,99.4444,705.65536,0,2,0,0.5744197124756335,0.42884521633897854,0.08458771840514168,0.325,1705.3125714285716,1387.7803885714286,b1,42,normal,main,0,0.3,0.9,360
site5,monsoon,1,360,0.6913795576205464,0.0,0,100.0,710.6301599999999,0,2,0,0.5744197124756335,0.4745480581225665,0.10834461745233771,0.3333333333333333,1705.3125714285716,1392.7551885714286,b1,42,normal,main,0,0.3,0.9,360
site5,monsoon,2,360,0.37353930580432293,224.72148,36,90.0,485.90868,0,2,0,0.5744197124756335,0.24774221337857705,0.06711556220535903,0.21944444444444444,1705.3125714285716,1168.0337085714286,b1,42,normal,main,0,0.3,0.9,360
site5,monsoon,3,360,0.6438783941685035,52.60680000000001,8,97.7778,658.02336,0,2,0,0.5744197124756335,0.42595956015779407,0.14163808145832632,0.3111111111111111,1705.3125714285716,1340.1483885714288,b1,42,normal,main,0,0.3,0.9,360
site5,monsoon,4,360,0.8433625660141872,0.0,0,100.0,710.6301599999999,0,1,0,0.5744197124756335,0.5415310665162074,0.16357665528575085,0.3333333333333333,1705.3125714285716,1392.7551885714286,b1,42,normal,main,0,0.3,0.9,360
