site,lead_scenario,episode,steps,init_inv_frac,EENS_kWh,outage_hours,uptime_pct,diesel_kWh,stockout_events,orders_placed,violations,mean_soc,mean_inv_pct,min_inv_pct,dg_on_fraction,grid_kWh,cost_proxy,policy,seed,train_scenario,experiment_tag,train_steps,init_low,init_high,episode_len
site7,monsoon,0,360,0.7672950105481635,0.0,0,100.0,276.784,0,3,0,0.700036537298751,0.6531354526909532,0.38202405060566863,0.49444444444444446,765.2942142857142,582.9016857142857,rlinv,999,normal,main,0,0.3,0.9,360
site7,monsoon,1,360,0.6128314427850377,0.0,0,100.0,276.784,0,3,0,0.700036537298751,0.6545052182611607,0.30848588962552637,0.49722222222222223,765.2942142857142,582.9016857142857,rlinv,999,normal,main,0,0.3,0.9,360
site7,monsoon,2,360,0.6675569571419706,0.0,0,100.0,276.784,0,4,0,0.700036537298751,0.6200640659514269,0.2822859971994756,0.4861111111111111,765.2942142857142,582.9016857142857,rlinv,999,normal,main,0,0.3,0.9,360
site7,monsoon,3,360,0.5284926956898696,0.0,0,100.0,276.784,0,4,0,0.700036537298751,0.6976664711659926,0.43031423395034124,0.4888888888888889,765.2942142857142,582.9016857142857,rlinv,999,normal,main,0,0.3,0.9,360
site7,monsoon,4,360,0.41265442096118005,0.0,0,100.0,276.784,0,4,0,0.700036537298751,0.5251615297706363,0.1875799257641599,0.4777777777777778,765.2942142857142,582.9016857142857,rlinv,999,normal,main,0,0.3,0.9,360
