site,lead_scenario,episode,steps,init_inv_frac,EENS_kWh,outage_hours,uptime_pct,diesel_kWh,stockout_events,orders_placed,violations,mean_soc,mean_inv_pct,min_inv_pct,dg_on_fraction,grid_kWh,cost_proxy,policy,seed,train_scenario,experiment_tag,train_steps,init_low,init_high,episode_len
site5,monsoon,0,360,0.7643736291335781,110.27068000000001,19,94.7222,600.3594800000001,0,2,0,0.5744197124756335,0.4548800381236256,0.06491387991435447,0.4361111111111111,1705.3125714285716,1282.4845085714287,rlinv,42,normal,main,0,0.3,0.9,360
site5,monsoon,1,360,0.6913795576205464,0.0,0,100.0,710.6301599999999,0,4,0,0.5744197124756335,0.7153813914559,0.4083446174523382,0.5805555555555556,1705.3125714285716,1392.7551885714286,rlinv,42,normal,main,0,0.3,0.9,360
site5,monsoon,2,360,0.37353930580432293,124.9756,16,95.5556,585.65456,0,3,0,0.5744197124756335,0.4581044104738884,0.06805735522797991,0.4583333333333333,1705.3125714285716,1267.7795885714286,rlinv,42,normal,main,0,0.3,0.9,360
site5,monsoon,3,360,0.6438783941685035,0.0,0,100.0,710.6301599999999,0,4,0,0.5744197124756335,0.5837135613371903,0.29144969621750055,0.5444444444444444,1705.3125714285716,1392.7551885714286,rlinv,42,normal,main,0,0.3,0.9,360
site5,monsoon,4,360,0.8433625660141872,0.0,0,100.0,710.6301599999999,0,3,0,0.5744197124756335,0.544864399849541,0.10664216060968182,0.5333333333333333,1705.3125714285716,1392.7551885714286,rlinv,42,normal,main,0,0.3,0.9,360
