site,lead_scenario,episode,steps,init_inv_frac,EENS_kWh,outage_hours,uptime_pct,diesel_kWh,stockout_events,orders_placed,violations,mean_soc,mean_inv_pct,min_inv_pct,dg_on_fraction,grid_kWh,cost_proxy,policy,seed,train_scenario,experiment_tag,train_steps,init_low,init_high,episode_len
site2,monsoon,0,360,0.853525304393131,20.421999999999997,3,99.1667,729.13942,0,1,0,0.6408744709317017,0.5045737940633364,0.1466238493095514,0.3194444444444444,2409.114428571428,1692.7851914285711,b1,314,normal,main,0,0.3,0.9,360
site2,monsoon,1,360,0.7712925668766641,157.2636,19,94.7222,592.29782,0,1,0,0.6408744709317017,0.3816636746096628,0.05222501230383231,0.2611111111111111,2409.114428571428,1555.9435914285714,b1,314,normal,main,0,0.3,0.9,360
site2,monsoon,2,360,0.8979159277877529,163.8116,21,94.1667,585.74982,0,1,0,0.6408744709317017,0.3797280796198349,0.054707632602138706,0.25277777777777777,2409.114428571428,1549.3955914285712,b1,314,normal,main,0,0.3,0.9,360
site2,monsoon,3,360,0.8605742878096678,185.6966,24,93.3333,563.86482,0,1,0,0.6408744709317017,0.35189439484081225,0.04887025077327046,0.2388888888888889,2409.114428571428,1527.5105914285714,b1,314,normal,main,0,0.3,0.9,360
site2,monsoon,4,360,0.8753426436498792,85.31300000000002,10,97.2222,664.2484200000001,0,1,0,0.6408744709317017,0.45622324976515866,0.05269956810875742,0.2861111111111111,2409.114428571428,1627.8941914285715,b1,314,normal,main,0,0.3,0.9,360
