site,lead_scenario,episode,steps,init_inv_frac,EENS_kWh,outage_hours,uptime_pct,diesel_kWh,stockout_events,orders_placed,violations,mean_soc,mean_inv_pct,min_inv_pct,dg_on_fraction,grid_kWh,cost_proxy,policy,seed,train_scenario,experiment_tag,train_steps,init_low,init_high,episode_len
site2,monsoon,0,360,0.7094111179488861,15.683600000000004,3,99.1667,733.87782,0,1,0,0.6408744709317017,0.40907267570021477,0.06150561488843142,0.3111111111111111,2409.114428571428,1697.5235914285713,b1,123,normal,main,0,0.3,0.9,360
site2,monsoon,1,360,0.7711518684233507,20.421999999999997,3,99.1667,729.13942,0,1,0,0.6408744709317017,0.45886702476022284,0.06425041333977131,0.3194444444444444,2409.114428571428,1692.7851914285711,b1,123,normal,main,0,0.3,0.9,360
site2,monsoon,2,360,0.8110496901605238,0.0,0,100.0,749.56142,0,1,0,0.6408744709317017,0.5443154796375752,0.21769542596525343,0.3277777777777778,2409.114428571428,1713.2071914285712,b1,123,normal,main,0,0.3,0.9,360
site2,monsoon,3,360,0.30370564558119556,16.925000000000004,3,99.1667,732.63642,0,2,0,0.6408744709317017,0.44430366906547536,0.09196046658921662,0.31666666666666665,2409.114428571428,1696.2821914285714,b1,123,normal,main,0,0.3,0.9,360
site2,monsoon,4,360,0.33747994064002396,42.429,6,98.3333,707.1324200000001,0,2,0,0.6408744709317017,0.4029410833889502,0.05310377821423188,0.30833333333333335,2409.114428571428,1670.7781914285715,b1,123,normal,main,0,0.3,0.9,360
