site,lead_scenario,episode,steps,init_inv_frac,EENS_kWh,outage_hours,uptime_pct,diesel_kWh,stockout_events,orders_placed,violations,mean_soc,mean_inv_pct,min_inv_pct,dg_on_fraction,grid_kWh,cost_proxy,policy,seed,train_scenario,experiment_tag,train_steps,init_low,init_high,episode_len
site2,monsoon,0,360,0.6666563579681828,88.3046,12,96.6667,661.2568200000001,0,1,0,0.6408744709317017,0.3582573065908021,0.05747438902762418,0.2861111111111111,2409.114428571428,1624.9025914285712,b1,777,normal,main,0,0.3,0.9,360
site2,monsoon,1,360,0.4580150269753279,54.439,8,97.7778,695.12242,0,2,0,0.6408744709317017,0.429881227807956,0.057360872760652756,0.2972222222222222,2409.114428571428,1658.7681914285713,b1,777,normal,main,0,0.3,0.9,360
site2,monsoon,2,360,0.5369484771122555,0.0,0,100.0,749.56142,0,2,0,0.6408744709317017,0.4968809332559738,0.1914942169476877,0.3277777777777778,2409.114428571428,1713.2071914285712,b1,777,normal,main,0,0.3,0.9,360
site2,monsoon,3,360,0.5160688375398393,18.762999999999998,4,98.8889,730.7984200000001,0,2,0,0.6408744709317017,0.39063242922840313,0.06405777614072508,0.31666666666666665,2409.114428571428,1694.4441914285712,b1,777,normal,main,0,0.3,0.9,360
site2,monsoon,4,360,0.5726457547994304,48.321,7,98.0556,701.24042,0,2,0,0.6408744709317017,0.31434289165713314,0.04885133789811924,0.2972222222222222,2409.114428571428,1664.8861914285712,b1,777,normal,main,0,0.3,0.9,360
