site,lead_scenario,episode,steps,init_inv_frac,EENS_kWh,outage_hours,uptime_pct,diesel_kWh,stockout_events,orders_placed,violations,mean_soc,mean_inv_pct,min_inv_pct,dg_on_fraction,grid_kWh,cost_proxy,policy,seed,train_scenario,experiment_tag,train_steps,init_low,init_high,episode_len
site7,monsoon,0,360,0.6666563579681828,0.0,0,100.0,276.784,0,3,0,0.700036537298751,0.4608301334443057,0.28138539802568785,0.7611111111111111,765.2942142857142,582.9016857142857,rlinv,777,normal,main,0,0.3,0.9,360
site7,monsoon,1,360,0.4580150269753279,0.0,0,100.0,276.784,0,4,0,0.700036537298751,0.5413554691181177,0.26045628032434454,0.7722222222222223,765.2942142857142,582.9016857142857,rlinv,777,normal,main,0,0.3,0.9,360
site7,monsoon,2,360,0.5369484771122555,0.0,0,100.0,276.784,0,4,0,0.700036537298751,0.7311222525883786,0.43877001537272714,0.5833333333333334,765.2942142857142,582.9016857142857,rlinv,777,normal,main,0,0.3,0.9,360
site7,monsoon,3,360,0.5160688375398393,0.0,0,100.0,276.784,0,4,0,0.700036537298751,0.6602426130159624,0.417890375800311,0.5805555555555556,765.2942142857142,582.9016857142857,rlinv,777,normal,main,0,0.3,0.9,360
site7,monsoon,4,360,0.5726457547994304,0.0,0,100.0,276.784,0,4,0,0.700036537298751,0.61098619694222,0.297692379644232,0.6361111111111111,765.2942142857142,582.9016857142857,rlinv,777,normal,main,0,0.3,0.9,360
