site,lead_scenario,episode,steps,init_inv_frac,EENS_kWh,outage_hours,uptime_pct,diesel_kWh,stockout_events,orders_placed,violations,mean_soc,mean_inv_pct,min_inv_pct,dg_on_fraction,grid_kWh,cost_proxy,policy,seed,train_scenario,experiment_tag,train_steps,init_low,init_high,episode_len
site7,monsoon,0,360,0.6036184047290367,59.298570000000005,19,94.7222,217.48543,0,1,0,0.700036537298751,0.3721564576344219,0.12916787215372455,0.25277777777777777,765.2942142857142,523.6031157142857,b1,99,normal,main,0,0.3,0.9,360
site7,monsoon,1,360,0.8009889783012054,39.2768,11,96.9444,237.5072,0,1,0,0.700036537298751,0.42144762076056347,0.13279025909582096,0.28055555555555556,765.2942142857142,543.6248857142857,b1,99,normal,main,0,0.3,0.9,360
site7,monsoon,2,360,0.8661195033663325,54.3828,16,95.5556,222.40120000000002,0,1,0,0.700036537298751,0.4181703000510785,0.1394606782993522,0.2611111111111111,765.2942142857142,528.5188857142857,b1,99,normal,main,0,0.3,0.9,360
site7,monsoon,3,360,0.3959946870025822,38.27380000000001,11,96.9444,238.51020000000003,0,2,0,0.700036537298751,0.3456271833540602,0.1357769845912904,0.2777777777777778,765.2942142857142,544.6278857142858,b1,99,normal,main,0,0.3,0.9,360
site7,monsoon,4,360,0.48760993963376853,0.0,0,100.0,276.784,0,2,0,0.700036537298751,0.41678371510989154,0.16439380554241384,0.325,765.2942142857142,582.9016857142857,b1,99,normal,main,0,0.3,0.9,360
