site,lead_scenario,episode,steps,init_inv_frac,EENS_kWh,outage_hours,uptime_pct,diesel_kWh,stockout_events,orders_placed,violations,mean_soc,mean_inv_pct,min_inv_pct,dg_on_fraction,grid_kWh,cost_proxy,policy,seed,train_scenario,experiment_tag,train_steps,init_low,init_high,episode_len
site5,monsoon,0,360,0.7094111179488861,0.0,0,100.0,710.6301599999999,0,4,0,0.5744197124756335,0.659246285117573,0.42637617778067766,0.7027777777777777,1705.3125714285716,1392.7551885714286,rlinv,123,normal,main,0,0.3,0.9,360
site5,monsoon,1,360,0.7711518684233507,0.0,0,100.0,710.6301599999999,0,4,0,0.5744197124756335,0.7084870355920374,0.4881169282551421,0.725,1705.3125714285716,1392.7551885714286,rlinv,123,normal,main,0,0.3,0.9,360
site5,monsoon,2,360,0.8110496901605238,0.0,0,100.0,710.6301599999999,0,4,0,0.5744197124756335,0.7033848573292104,0.5271821658049552,0.6916666666666667,1705.3125714285716,1392.7551885714286,rlinv,123,normal,main,0,0.3,0.9,360
site5,monsoon,3,360,0.30370564558119556,0.0,0,100.0,710.6301599999999,0,4,0,0.5744197124756335,0.5693741460832156,0.11681363580567299,0.6694444444444444,1705.3125714285716,1392.7551885714286,rlinv,123,normal,main,0,0.3,0.9,360
site5,monsoon,4,360,0.33747994064002396,0.0,0,100.0,710.6301599999999,0,4,0,0.5744197124756335,0.5889817744753775,0.24557431305547034,0.6833333333333333,1705.3125714285716,1392.7551885714286,rlinv,123,normal,main,0,0.3,0.9,360
