site,lead_scenario,episode,steps,init_inv_frac,EENS_kWh,outage_hours,uptime_pct,diesel_kWh,stockout_events,orders_placed,violations,mean_soc,mean_inv_pct,min_inv_pct,dg_on_fraction,grid_kWh,cost_proxy,policy,seed,train_scenario,experiment_tag,train_steps,init_low,init_high,episode_len
site7,monsoon,0,360,0.7686705532904826,0.0,0,100.0,276.784,0,3,0,0.700036537298751,0.8036776620999393,0.5792609604002003,0.5305555555555556,765.2942142857142,582.9016857142857,rlinv,21,normal,main,0,0.3,0.9,360
site7,monsoon,1,360,0.5198081492592457,75.14287000000002,24,93.3333,201.64113,0,3,0,0.700036537298751,0.3037845348808013,0.1393074957926051,0.5555555555555556,765.2942142857142,507.7588157142857,rlinv,21,normal,main,0,0.3,0.9,360
site7,monsoon,2,360,0.7163598483944187,5.827999999999999,3,99.1667,270.956,0,2,0,0.700036537298751,0.5273496485062341,0.1310563131398935,0.7527777777777778,765.2942142857142,577.0736857142857,rlinv,21,normal,main,0,0.3,0.9,360
site7,monsoon,3,360,0.49816130200158926,93.25037,29,91.9444,183.53363000000002,0,2,0,0.700036537298751,0.22813086615749184,0.1346426128556701,0.5333333333333333,765.2942142857142,489.6513157142857,rlinv,21,normal,main,0,0.3,0.9,360
site7,monsoon,4,360,0.3964327399392047,0.0,0,100.0,276.784,0,5,0,0.700036537298751,0.7106065154153278,0.3819584538515095,0.6361111111111111,765.2942142857142,582.9016857142857,rlinv,21,normal,main,0,0.3,0.9,360
