site,lead_scenario,episode,steps,init_inv_frac,EENS_kWh,outage_hours,uptime_pct,diesel_kWh,stockout_events,orders_placed,violations,mean_soc,mean_inv_pct,min_inv_pct,dg_on_fraction,grid_kWh,cost_proxy,policy,seed,train_scenario,experiment_tag,train_steps,init_low,init_high,episode_len
site2,monsoon,0,360,0.6400458858338742,0.0,0,100.0,749.56142,0,4,0,0.6408744709317017,0.6091450086442591,0.3466916216386039,0.5138888888888888,2409.114428571428,1713.2071914285712,rlinv,500,normal,main,0,0.3,0.9,360
site2,monsoon,1,360,0.8978558151376326,0.0,0,100.0,749.56142,0,2,0,0.6408744709317017,0.5044549379480172,0.11883472880574411,0.49444444444444446,2409.114428571428,1713.2071914285712,rlinv,500,normal,main,0,0.3,0.9,360
site2,monsoon,2,360,0.38375680226035874,0.0,0,100.0,749.56142,0,5,0,0.6408744709317017,0.6995225917374102,0.2737416583354911,0.5388888888888889,2409.114428571428,1713.2071914285712,rlinv,500,normal,main,0,0.3,0.9,360
site2,monsoon,3,360,0.5469648678219678,0.0,0,100.0,749.56142,0,4,0,0.6408744709317017,0.5235639906323527,0.2536106036266976,0.5083333333333333,2409.114428571428,1713.2071914285712,rlinv,500,normal,main,0,0.3,0.9,360
site2,monsoon,4,360,0.307781120326638,0.0,0,100.0,749.56142,0,5,0,0.6408744709317017,0.4510469098036894,0.17201666881886732,0.5222222222222223,2409.114428571428,1713.2071914285712,rlinv,500,normal,main,0,0.3,0.9,360
