site,lead_scenario,episode,steps,init_inv_frac,EENS_kWh,outage_hours,uptime_pct,diesel_kWh,stockout_events,orders_placed,violations,mean_soc,mean_inv_pct,min_inv_pct,dg_on_fraction,grid_kWh,cost_proxy,policy,seed,train_scenario,experiment_tag,train_steps,init_low,init_high,episode_len
site5,monsoon,0,360,0.853525304393131,0.0,0,100.0,710.6301599999999,0,1,0,0.5744197124756335,0.5316938048951511,0.17373939366469454,0.3333333333333333,1705.3125714285716,1392.7551885714286,b1,314,normal,main,0,0.3,0.9,360
site5,monsoon,1,360,0.7712925668766641,148.15896,25,93.0556,562.4712000000001,0,1,0,0.5744197124756335,0.3774472390688836,0.06251970127678132,0.24444444444444444,1705.3125714285716,1244.5962285714286,b1,314,normal,main,0,0.3,0.9,360
site5,monsoon,2,360,0.8979159277877529,211.89684,37,89.7222,498.73332,0,1,0,0.5744197124756335,0.38870671073963203,0.0676402420694716,0.20833333333333334,1705.3125714285716,1180.8583485714287,b1,314,normal,main,0,0.3,0.9,360
site5,monsoon,3,360,0.8605742878096678,153.12084000000002,27,92.5,557.50932,0,1,0,0.5744197124756335,0.37967907612876167,0.0610435528475245,0.2361111111111111,1705.3125714285716,1239.6343485714287,b1,314,normal,main,0,0.3,0.9,360
site5,monsoon,4,360,0.8753426436498792,41.36176,7,98.0556,669.2683999999999,0,1,0,0.5744197124756335,0.48880622257730927,0.06033288810453419,0.3111111111111111,1705.3125714285716,1351.3934285714286,b1,314,normal,main,0,0.3,0.9,360
