site,lead_scenario,episode,steps,init_inv_frac,EENS_kWh,outage_hours,uptime_pct,diesel_kWh,stockout_events,orders_placed,violations,mean_soc,mean_inv_pct,min_inv_pct,dg_on_fraction,grid_kWh,cost_proxy,policy,seed,train_scenario,experiment_tag,train_steps,init_low,init_high,episode_len
site5,monsoon,0,360,0.7672950105481635,148.15896,25,93.0556,562.4712000000001,0,1,0,0.5744197124756335,0.37344968274038287,0.05852214494828056,0.24444444444444444,1705.3125714285716,1244.5962285714286,b1,999,normal,main,0,0.3,0.9,360
site5,monsoon,1,360,0.6128314427850377,0.0,0,100.0,710.6301599999999,0,2,0,0.5744197124756335,0.4826666099537245,0.15539139111061312,0.3333333333333333,1705.3125714285716,1392.7551885714286,b1,999,normal,main,0,0.3,0.9,360
site5,monsoon,2,360,0.6675569571419706,205.12016,32,91.1111,505.51,0,1,0,0.5744197124756335,0.35395529784838003,0.05660590800465367,0.225,1705.3125714285716,1187.6350285714286,b1,999,normal,main,0,0.3,0.9,360
site5,monsoon,3,360,0.5284926956898696,0.0,0,100.0,710.6301599999999,0,2,0,0.5744197124756335,0.43999452952522305,0.09881739220251157,0.3333333333333333,1705.3125714285716,1392.7551885714286,b1,999,normal,main,0,0.3,0.9,360
site5,monsoon,4,360,0.41265442096118005,71.59188,15,95.8333,639.03828,0,2,0,0.5744197124756335,0.3342240530620664,0.06735319768904352,0.2861111111111111,1705.3125714285716,1321.1633085714286,b1,999,normal,main,0,0.3,0.9,360
