site,lead_scenario,episode,steps,init_inv_frac,EENS_kWh,outage_hours,uptime_pct,diesel_kWh,stockout_events,orders_placed,violations,mean_soc,mean_inv_pct,min_inv_pct,dg_on_fraction,grid_kWh,cost_proxy,policy,seed,train_scenario,experiment_tag,train_steps,init_low,init_high,episode_len
site7,monsoon,0,360,0.7672950105481635,81.14510000000001,23,93.6111,195.6389,0,1,0,0.700036537298751,0.367269164671901,0.12807753685019582,0.2361111111111111,765.2942142857142,501.75658571428573,b1,999,normal,main,0,0.3,0.9,360
site7,monsoon,1,360,0.6128314427850377,0.0,0,100.0,276.784,0,1,0,0.700036537298751,0.4736718849278273,0.22756048284254263,0.325,765.2942142857142,582.9016857142857,b1,999,normal,main,0,0.3,0.9,360
site7,monsoon,2,360,0.6675569571419706,82.41257000000002,24,93.3333,194.37142999999998,0,1,0,0.700036537298751,0.3551350893346416,0.14029717147902868,0.24166666666666667,765.2942142857142,500.4891157142857,b1,999,normal,main,0,0.3,0.9,360
site7,monsoon,3,360,0.5284926956898696,1.4599999999999995,1,99.7222,275.324,0,2,0,0.700036537298751,0.4390872528573093,0.14799204222322893,0.31666666666666665,765.2942142857142,581.4416857142858,b1,999,normal,main,0,0.3,0.9,360
site7,monsoon,4,360,0.41265442096118005,33.7638,10,97.2222,243.02020000000005,0,2,0,0.700036537298751,0.39473222578521594,0.1377010458059818,0.28055555555555556,765.2942142857142,549.1378857142857,b1,999,normal,main,0,0.3,0.9,360
