site,lead_scenario,episode,steps,init_inv_frac,EENS_kWh,outage_hours,uptime_pct,diesel_kWh,stockout_events,orders_placed,violations,mean_soc,mean_inv_pct,min_inv_pct,dg_on_fraction,grid_kWh,cost_proxy,policy,seed,train_scenario,experiment_tag,train_steps,init_low,init_high,episode_len
site2,monsoon,0,360,0.7643736291335781,47.135,7,98.0556,702.42642,0,2,0,0.6408744709317017,0.47203525710230243,0.05320509970657114,0.5666666666666667,2409.114428571428,1666.0721914285714,rlinv,42,normal,main,0,0.3,0.9,360
site2,monsoon,1,360,0.6913795576205464,0.0,0,100.0,749.56142,0,4,0,0.6408744709317017,0.7563120137642645,0.5123584712886582,0.6388888888888888,2409.114428571428,1713.2071914285712,rlinv,42,normal,main,0,0.3,0.9,360
site2,monsoon,2,360,0.37353930580432293,83.907,11,96.9444,665.65442,0,4,0,0.6408744709317017,0.42040238364230526,0.05856205048235614,0.55,2409.114428571428,1629.3001914285712,rlinv,42,normal,main,0,0.3,0.9,360
site2,monsoon,3,360,0.6438783941685035,0.0,0,100.0,749.56142,0,4,0,0.6408744709317017,0.6038108503122217,0.4204844851356993,0.6138888888888889,2409.114428571428,1713.2071914285712,rlinv,42,normal,main,0,0.3,0.9,360
site2,monsoon,4,360,0.8433625660141872,0.0,0,100.0,749.56142,0,3,0,0.6408744709317017,0.5391283554912389,0.0643414796822994,0.6166666666666667,2409.114428571428,1713.2071914285712,rlinv,42,normal,main,0,0.3,0.9,360
