site,lead_scenario,episode,steps,init_inv_frac,EENS_kWh,outage_hours,uptime_pct,diesel_kWh,stockout_events,orders_placed,violations,mean_soc,mean_inv_pct,min_inv_pct,dg_on_fraction,grid_kWh,cost_proxy,policy,seed,train_scenario,experiment_tag,train_steps,init_low,init_high,episode_len
site7,monsoon,0,360,0.7094111179488861,10.7195,4,98.8889,266.0645,0,1,0,0.700036537298751,0.4819954492709942,0.12987400104370408,0.3138888888888889,765.2942142857142,572.1821857142857,b1,123,normal,main,0,0.3,0.9,360
site7,monsoon,1,360,0.7711518684233507,8.870000000000001,2,99.4444,267.914,0,1,0,0.700036537298751,0.4599194054712789,0.13193439472538307,0.3194444444444444,765.2942142857142,574.0316857142857,b1,123,normal,main,0,0.3,0.9,360
site7,monsoon,2,360,0.8110496901605238,0.0,0,100.0,276.784,0,1,0,0.700036537298751,0.5485567989699801,0.1961436913367637,0.325,765.2942142857142,582.9016857142857,b1,123,normal,main,0,0.3,0.9,360
site7,monsoon,3,360,0.30370564558119556,15.425,5,98.6111,261.359,0,2,0,0.700036537298751,0.4307908645288238,0.12902976503489746,0.30833333333333335,765.2942142857142,567.4766857142856,b1,123,normal,main,0,0.3,0.9,360
site7,monsoon,4,360,0.33747994064002396,29.899,10,97.2222,246.885,0,2,0,0.700036537298751,0.38684456467888345,0.13082438290624615,0.28888888888888886,765.2942142857142,553.0026857142857,b1,123,normal,main,0,0.3,0.9,360
