site,lead_scenario,episode,steps,init_inv_frac,EENS_kWh,outage_hours,uptime_pct,diesel_kWh,stockout_events,orders_placed,violations,mean_soc,mean_inv_pct,min_inv_pct,dg_on_fraction,grid_kWh,cost_proxy,policy,seed,train_scenario,experiment_tag,train_steps,init_low,init_high,episode_len
site2,monsoon,0,360,0.818878552209952,0.0,0,100.0,749.56142,0,1,0,0.6408744709317017,0.56881100835367,0.2255242880146816,0.3277777777777778,2409.114428571428,1713.2071914285712,b1,13,normal,main,0,0.3,0.9,360
site2,monsoon,1,360,0.798589991333467,20.421999999999997,3,99.1667,729.13942,0,1,0,0.6408744709317017,0.4529718143370055,0.09168853624988747,0.3194444444444444,2409.114428571428,1692.7851914285711,b1,13,normal,main,0,0.3,0.9,360
site2,monsoon,2,360,0.7156460207790915,291.30219999999997,38,89.4444,458.25922,0,1,0,0.6408744709317017,0.2549482997894325,0.055965108458385884,0.19166666666666668,2409.114428571428,1421.9049914285713,b1,13,normal,main,0,0.3,0.9,360
site2,monsoon,3,360,0.6401501033276191,0.0,0,100.0,749.56142,0,2,0,0.6408744709317017,0.4117492261380041,0.1460029423816709,0.3277777777777778,2409.114428571428,1713.2071914285712,b1,13,normal,main,0,0.3,0.9,360
site2,monsoon,4,360,0.807044875678741,0.0,0,100.0,749.56142,0,1,0,0.6408744709317017,0.5403106651557924,0.21369061148347077,0.3277777777777778,2409.114428571428,1713.2071914285712,b1,13,normal,main,0,0.3,0.9,360
