site,lead_scenario,episode,steps,init_inv_frac,EENS_kWh,outage_hours,uptime_pct,diesel_kWh,stockout_events,orders_placed,violations,mean_soc,mean_inv_pct,min_inv_pct,dg_on_fraction,grid_kWh,cost_proxy,policy,seed,train_scenario,experiment_tag,train_steps,init_low,init_high,episode_len
site2,monsoon,0,360,0.7672950105481635,0.0,0,100.0,749.56142,0,4,0,0.6408744709317017,0.590560800025215,0.33099533933831937,0.49722222222222223,2409.114428571428,1713.2071914285712,rlinv,999,normal,main,0,0.3,0.9,360
site2,monsoon,1,360,0.6128314427850377,0.0,0,100.0,749.56142,0,4,0,0.6408744709317017,0.5960972322620894,0.2256599882196915,0.4527777777777778,2409.114428571428,1713.2071914285712,rlinv,999,normal,main,0,0.3,0.9,360
site2,monsoon,2,360,0.6675569571419706,0.0,0,100.0,749.56142,0,4,0,0.6408744709317017,0.6149894132856889,0.23179250563419998,0.49166666666666664,2409.114428571428,1713.2071914285712,rlinv,999,normal,main,0,0.3,0.9,360
site2,monsoon,3,360,0.5284926956898696,0.0,0,100.0,749.56142,0,5,0,0.6408744709317017,0.7217584851669212,0.4184775517650019,0.5,2409.114428571428,1713.2071914285712,rlinv,999,normal,main,0,0.3,0.9,360
site2,monsoon,4,360,0.41265442096118005,0.0,0,100.0,749.56142,0,5,0,0.6408744709317017,0.40092021043823156,0.17654508527852308,0.46944444444444444,2409.114428571428,1713.2071914285712,rlinv,999,normal,main,0,0.3,0.9,360
