site,lead_scenario,episode,steps,init_inv_frac,EENS_kWh,outage_hours,uptime_pct,diesel_kWh,stockout_events,orders_placed,violations,mean_soc,mean_inv_pct,min_inv_pct,dg_on_fraction,grid_kWh,cost_proxy,policy,seed,train_scenario,experiment_tag,train_steps,init_low,init_high,episode_len
site2,monsoon,0,360,0.7686705532904826,0.0,0,100.0,749.56142,0,4,0,0.6408744709317017,0.7652696761008675,0.5896494669585947,0.65,2409.114428571428,1713.2071914285712,rlinv,21,normal,main,0,0.3,0.9,360
site2,monsoon,1,360,0.5198081492592457,222.10700000000003,27,92.5,527.45442,0,3,0,0.6408744709317017,0.2332357818357666,0.05056497122311908,0.5555555555555556,2409.114428571428,1491.1001914285712,rlinv,21,normal,main,0,0.3,0.9,360
site2,monsoon,2,360,0.7163598483944187,81.655,11,96.9444,667.90642,0,2,0,0.6408744709317017,0.4472675513866713,0.054884121860304384,0.6111111111111112,2409.114428571428,1631.5521914285714,rlinv,21,normal,main,0,0.3,0.9,360
site2,monsoon,3,360,0.49816130200158926,324.89459999999997,39,89.1667,424.6668199999999,0,2,0,0.6408744709317017,0.23672816815603695,0.057118645653520914,0.36666666666666664,2409.114428571428,1388.312591428571,rlinv,21,normal,main,0,0.3,0.9,360
site2,monsoon,4,360,0.3964327399392047,0.0,0,100.0,749.56142,0,4,0,0.6408744709317017,0.6796985294162562,0.286417596014337,0.6388888888888888,2409.114428571428,1713.2071914285712,rlinv,21,normal,main,0,0.3,0.9,360
