site,lead_scenario,episode,steps,init_inv_frac,EENS_kWh,outage_hours,uptime_pct,diesel_kWh,stockout_events,orders_placed,violations,mean_soc,mean_inv_pct,min_inv_pct,dg_on_fraction,grid_kWh,cost_proxy,policy,seed,train_scenario,experiment_tag,train_steps,init_low,init_high,episode_len
site7,monsoon,0,360,0.6750572799628003,0.0,0,100.0,276.784,0,4,0,0.700036537298751,0.7758977221055899,0.576878818223272,0.575,765.2942142857142,582.9016857142857,rlinv,7,normal,main,0,0.3,0.9,360
site7,monsoon,1,360,0.49618336596333645,72.27510000000001,21,94.1667,204.50889999999998,0,3,0,0.700036537298751,0.27489709184860234,0.12798464675795201,0.32222222222222224,765.2942142857142,510.6265857142857,rlinv,7,normal,main,0,0.3,0.9,360
site7,monsoon,2,360,0.8221495223820507,0.0,0,100.0,276.784,0,3,0,0.700036537298751,0.7121566311915072,0.5178039692225396,0.5666666666666667,765.2942142857142,582.9016857142857,rlinv,7,normal,main,0,0.3,0.9,360
site7,monsoon,3,360,0.8736010257773852,0.0,0,100.0,276.784,0,2,0,0.700036537298751,0.5752748012535084,0.2692554726178742,0.6,765.2942142857142,582.9016857142857,rlinv,7,normal,main,0,0.3,0.9,360
site7,monsoon,4,360,0.3771421216615198,83.02090000000001,24,93.3333,193.7631,0,3,0,0.700036537298751,0.26933138338943086,0.13306504527126956,0.31666666666666665,765.2942142857142,499.8807857142857,rlinv,7,normal,main,0,0.3,0.9,360
