site,lead_scenario,episode,steps,init_inv_frac,EENS_kWh,outage_hours,uptime_pct,diesel_kWh,stockout_events,orders_placed,violations,mean_soc,mean_inv_pct,min_inv_pct,dg_on_fraction,grid_kWh,cost_proxy,policy,seed,train_scenario,experiment_tag,train_steps,init_low,init_high,episode_len
site3,delayed,0,360,0.7094111179488861,0.0,0,100.0,122.62310000000004,0,0,0,0.720046309833225,0.516154308499503,0.4099505826358059,0.6194444444444445,1314.9257619047619,648.5934047619048,oracle_mpc,123,normal,main,0,0.3,0.9,360
site3,delayed,1,360,0.7711518684233507,0.0,0,100.0,122.62310000000004,0,0,0,0.720046309833225,0.5778950589739676,0.4716913331102706,0.6194444444444445,1314.9257619047619,648.5934047619048,oracle_mpc,123,normal,main,0,0.3,0.9,360
site3,delayed,2,360,0.8110496901605238,0.0,0,100.0,122.62310000000004,0,0,0,0.720046309833225,0.6177928807111408,0.5115891548474436,0.6222222222222222,1314.9257619047619,648.5934047619048,oracle_mpc,123,normal,main,0,0.3,0.9,360
site3,delayed,3,360,0.30370564558119556,0.0,0,100.0,122.62310000000004,0,1,0,0.720046309833225,0.643782169465146,0.21227382961948804,0.6194444444444445,1314.9257619047619,648.5934047619048,oracle_mpc,123,normal,main,0,0.3,0.9,360
site3,delayed,4,360,0.33747994064002396,0.0,0,100.0,122.62310000000004,0,1,0,0.720046309833225,0.6208897978573076,0.19161542955279134,0.6194444444444445,1314.9257619047619,648.5934047619048,oracle_mpc,123,normal,main,0,0.3,0.9,360
