site,lead_scenario,episode,steps,init_inv_frac,EENS_kWh,outage_hours,uptime_pct,diesel_kWh,stockout_events,orders_placed,violations,mean_soc,mean_inv_pct,min_inv_pct,dg_on_fraction,grid_kWh,cost_proxy,policy,seed,train_scenario,experiment_tag,train_steps,init_low,init_high,episode_len
site7,monsoon,0,360,0.7643736291335781,12.91,3,99.1667,263.874,0,1,0,0.700036537298751,0.46347450677558,0.13835618157427598,0.6527777777777778,765.2942142857142,569.9916857142857,oracle_mpc,42,normal,main,0,0.3,0.9,360
site7,monsoon,1,360,0.6913795576205464,0.0,0,100.0,276.784,0,1,0,0.700036537298751,0.5138866664300027,0.19382081096956283,0.6611111111111111,765.2942142857142,582.9016857142857,oracle_mpc,42,normal,main,0,0.3,0.9,360
site7,monsoon,2,360,0.37353930580432293,77.5806,22,93.8889,199.20340000000002,0,1,0,0.700036537298751,0.3093881640528873,0.12946222941407276,0.41388888888888886,765.2942142857142,505.3210857142857,oracle_mpc,42,normal,main,0,0.3,0.9,360
site7,monsoon,3,360,0.6438783941685035,0.0,0,100.0,276.784,0,1,0,0.700036537298751,0.4230521696446265,0.14631964751751994,0.6583333333333333,765.2942142857142,582.9016857142857,oracle_mpc,42,normal,main,0,0.3,0.9,360
site7,monsoon,4,360,0.8433625660141872,0.0,0,100.0,276.784,0,1,0,0.700036537298751,0.5675363414903103,0.2284565671904272,0.6555555555555556,765.2942142857142,582.9016857142857,oracle_mpc,42,normal,main,0,0.3,0.9,360
