site,lead_scenario,episode,steps,init_inv_frac,EENS_kWh,outage_hours,uptime_pct,diesel_kWh,stockout_events,orders_placed,violations,mean_soc,mean_inv_pct,min_inv_pct,dg_on_fraction,grid_kWh,cost_proxy,policy,seed,train_scenario,experiment_tag,train_steps,init_low,init_high,episode_len
site10,monsoon,0,360,0.7094111179488861,0.0,0,100.0,41.66501000000001,0,0,0,0.8073196035033571,0.639824433695019,0.5668486902309107,0.6,974.6851904761904,431.5390861904762,oracle_mpc,123,normal,main,0,0.3,0.9,360
site10,monsoon,1,360,0.7711518684233507,0.0,0,100.0,41.66501000000001,0,0,0,0.8073196035033571,0.7015651841694835,0.6285894407053751,0.6138888888888889,974.6851904761904,431.5390861904762,oracle_mpc,123,normal,main,0,0.3,0.9,360
site10,monsoon,2,360,0.8110496901605238,0.0,0,100.0,41.66501000000001,0,0,0,0.8073196035033571,0.7414630059066566,0.6684872624425482,0.6166666666666667,974.6851904761904,431.5390861904762,oracle_mpc,123,normal,main,0,0.3,0.9,360
site10,monsoon,3,360,0.30370564558119556,0.0,0,100.0,41.66501000000001,0,1,0,0.8073196035033571,0.47578562799399515,0.2236650649982859,0.6138888888888889,974.6851904761904,431.5390861904762,oracle_mpc,123,normal,main,0,0.3,0.9,360
site10,monsoon,4,360,0.33747994064002396,0.0,0,100.0,41.66501000000001,0,1,0,0.8073196035033571,0.36122658971949023,0.22719070989184936,0.6055555555555555,974.6851904761904,431.5390861904762,oracle_mpc,123,normal,main,0,0.3,0.9,360
