site,lead_scenario,episode,steps,init_inv_frac,EENS_kWh,outage_hours,uptime_pct,diesel_kWh,stockout_events,orders_placed,violations,mean_soc,mean_inv_pct,min_inv_pct,dg_on_fraction,grid_kWh,cost_proxy,policy,seed,train_scenario,experiment_tag,train_steps,init_low,init_high,episode_len
site7,extreme,0,360,0.7643736291335781,85.29060000000001,25,93.0556,191.4934,0,1,0,0.700036537298751,0.3398103877212188,0.13870088522715449,0.5666666666666667,765.2942142857142,497.6110857142857,oracle_mpc,42,normal,main,0,0.3,0.9,360
site7,extreme,1,360,0.6913795576205464,107.66087000000002,32,91.1111,169.12313,0,1,0,0.700036537298751,0.2938573491029717,0.13879793963714435,0.5222222222222223,765.2942142857142,475.2408157142857,oracle_mpc,42,normal,main,0,0.3,0.9,360
site7,extreme,2,360,0.37353930580432293,202.08177,59,83.6111,74.70223,0,1,0,0.700036537298751,0.15299164748387753,0.12946222941407276,0.25833333333333336,765.2942142857142,380.8199157142857,oracle_mpc,42,normal,main,0,0.3,0.9,360
site7,extreme,3,360,0.6438783941685035,42.075770000000006,13,96.3889,234.70823000000001,0,1,0,0.700036537298751,0.39075270013247565,0.1285443746951975,0.5944444444444444,765.2942142857142,540.8259157142857,oracle_mpc,42,normal,main,0,0.3,0.9,360
site7,extreme,4,360,0.8433625660141872,58.192800000000005,17,95.2778,218.59120000000001,0,1,0,0.700036537298751,0.39783391204655566,0.12915228044926527,0.6,765.2942142857142,524.7088857142858,oracle_mpc,42,normal,main,0,0.3,0.9,360
