site,lead_scenario,episode,steps,init_inv_frac,EENS_kWh,outage_hours,uptime_pct,diesel_kWh,stockout_events,orders_placed,violations,mean_soc,mean_inv_pct,min_inv_pct,dg_on_fraction,grid_kWh,cost_proxy,policy,seed,train_scenario,experiment_tag,train_steps,init_low,init_high,episode_len
site4,monsoon,0,360,0.7094111179488861,0.0,0,100.0,207.05554,0,0,0,0.7302926932170963,0.5691938902352731,0.4111538846302455,0.6111111111111112,2190.6675238095236,1083.3225495238096,oracle_mpc,123,normal,main,0,0.3,0.9,360
site4,monsoon,1,360,0.7711518684233507,0.0,0,100.0,207.05554,0,0,0,0.7302926932170963,0.6309346407097377,0.47289463510471,0.6083333333333333,2190.6675238095236,1083.3225495238096,oracle_mpc,123,normal,main,0,0.3,0.9,360
site4,monsoon,2,360,0.8110496901605238,0.0,0,100.0,207.05554,0,0,0,0.7302926932170963,0.6708324624469107,0.512792456841883,0.6055555555555555,2190.6675238095236,1083.3225495238096,oracle_mpc,123,normal,main,0,0.3,0.9,360
site4,monsoon,3,360,0.30370564558119556,0.0,0,100.0,207.05554,0,1,0,0.7302926932170963,0.47515508453424926,0.18183701065671937,0.6083333333333333,2190.6675238095236,1083.3225495238096,oracle_mpc,123,normal,main,0,0.3,0.9,360
site4,monsoon,4,360,0.33747994064002396,0.0,0,100.0,207.05554,0,1,0,0.7302926932170963,0.517262712926411,0.21561130571554776,0.6111111111111112,2190.6675238095236,1083.3225495238096,oracle_mpc,123,normal,main,0,0.3,0.9,360
