site,lead_scenario,episode,steps,init_inv_frac,EENS_kWh,outage_hours,uptime_pct,diesel_kWh,stockout_events,orders_placed,violations,mean_soc,mean_inv_pct,min_inv_pct,dg_on_fraction,grid_kWh,cost_proxy,policy,seed,train_scenario,experiment_tag,train_steps,init_low,init_high,episode_len
site1,extreme,0,360,0.7643736291335781,0.0,0,100.0,36.545,0,0,0,0.8725245970507546,0.72020730751955,0.6503137918042231,0.5416666666666666,1198.1051428571427,515.7870571428571,oracle_mpc,42,normal,main,0,0.3,0.9,360
site1,extreme,1,360,0.6913795576205464,0.0,0,100.0,36.545,0,0,0,0.8725245970507546,0.6472132360065186,0.5773197202911914,0.5416666666666666,1198.1051428571427,515.7870571428571,oracle_mpc,42,normal,main,0,0.3,0.9,360
site1,extreme,2,360,0.37353930580432293,0.0,0,100.0,36.545,0,0,0,0.8725245970507546,0.3293729841902949,0.25947946847496783,0.5472222222222223,1198.1051428571427,515.7870571428571,oracle_mpc,42,normal,main,0,0.3,0.9,360
site1,extreme,3,360,0.6438783941685035,0.0,0,100.0,36.545,0,0,0,0.8725245970507546,0.5997120725544755,0.5298185568391485,0.5444444444444444,1198.1051428571427,515.7870571428571,oracle_mpc,42,normal,main,0,0.3,0.9,360
site1,extreme,4,360,0.8433625660141872,0.0,0,100.0,36.545,0,0,0,0.8725245970507546,0.7991962444001592,0.7293027286848323,0.55,1198.1051428571427,515.7870571428571,oracle_mpc,42,normal,main,0,0.3,0.9,360
