site,lead_scenario,episode,steps,init_inv_frac,EENS_kWh,outage_hours,uptime_pct,diesel_kWh,stockout_events,orders_placed,violations,mean_soc,mean_inv_pct,min_inv_pct,dg_on_fraction,grid_kWh,cost_proxy,policy,seed,train_scenario,experiment_tag,train_steps,init_low,init_high,episode_len
site8,monsoon,0,360,0.7094111179488861,0.0,0,100.0,26.8936,0,0,0,0.8226001371742111,0.5407807749244684,0.524801224897087,0.5888888888888889,239.81864761904762,122.82105904761906,oracle_mpc,123,normal,main,0,0.3,0.9,360
site8,monsoon,1,360,0.7711518684233507,0.0,0,100.0,26.8936,0,0,0,0.8226001371742111,0.6025215253989329,0.5865419753715515,0.5833333333333334,239.81864761904762,122.82105904761906,oracle_mpc,123,normal,main,0,0.3,0.9,360
site8,monsoon,2,360,0.8110496901605238,0.0,0,100.0,26.8936,0,0,0,0.8226001371742111,0.642419347136106,0.6264397971087247,0.5833333333333334,239.81864761904762,122.82105904761906,oracle_mpc,123,normal,main,0,0.3,0.9,360
site8,monsoon,3,360,0.30370564558119556,7.2264,6,98.3333,19.6672,0,1,0,0.8226001371742111,0.6492030058170886,0.16870104639669273,0.5,239.81864761904762,115.59465904761905,oracle_mpc,123,normal,main,0,0.3,0.9,360
site8,monsoon,4,360,0.33747994064002396,2.346,3,99.1667,24.5476,0,1,0,0.8226001371742111,0.5992275697337175,0.168974057802533,0.4166666666666667,239.81864761904762,120.47505904761906,oracle_mpc,123,normal,main,0,0.3,0.9,360
