site,lead_scenario,episode,steps,init_inv_frac,EENS_kWh,outage_hours,uptime_pct,diesel_kWh,stockout_events,orders_placed,violations,mean_soc,mean_inv_pct,min_inv_pct,dg_on_fraction,grid_kWh,cost_proxy,policy,seed,train_scenario,experiment_tag,train_steps,init_low,init_high,episode_len
site7,extreme,0,360,0.6666563579681828,115.41087000000002,34,90.5556,161.37313,0,1,0,0.700036537298751,0.27915624025342817,0.13939657230524088,0.5166666666666667,765.2942142857142,467.4908157142857,oracle_mpc,777,normal,main,0,0.3,0.9,360
site7,extreme,1,360,0.4580150269753279,177.86047000000002,53,85.2778,98.92353000000001,0,1,0,0.700036537298751,0.1823885297198879,0.13479889288397334,0.3388888888888889,765.2942142857142,405.0412157142857,oracle_mpc,777,normal,main,0,0.3,0.9,360
site7,extreme,2,360,0.5369484771122555,0.0,0,100.0,276.784,0,2,0,0.700036537298751,0.46778891925504507,0.22644226917917037,0.6527777777777778,765.2942142857142,582.9016857142857,oracle_mpc,777,normal,main,0,0.3,0.9,360
site7,extreme,3,360,0.5160688375398393,0.0,0,100.0,276.784,0,2,0,0.700036537298751,0.46357594634929566,0.2117232843803281,0.6583333333333333,765.2942142857142,582.9016857142857,oracle_mpc,777,normal,main,0,0.3,0.9,360
site7,extreme,4,360,0.5726457547994304,143.75367,43,88.0556,133.03033000000002,0,1,0,0.700036537298751,0.22994469881549107,0.13799134063227353,0.4722222222222222,765.2942142857142,439.14801571428575,oracle_mpc,777,normal,main,0,0.3,0.9,360
