site,lead_scenario,episode,steps,init_inv_frac,EENS_kWh,outage_hours,uptime_pct,diesel_kWh,stockout_events,orders_placed,violations,mean_soc,mean_inv_pct,min_inv_pct,dg_on_fraction,grid_kWh,cost_proxy,policy,seed,train_scenario,experiment_tag,train_steps,init_low,init_high,episode_len
site5,normal,0,360,0.6666563579681828,0.0,0,100.0,710.6301599999999,0,2,0,0.5744197124756335,0.44482485847020287,0.08362141779997408,0.7138888888888889,1705.3125714285716,1392.7551885714286,oracle_mpc,777,normal,main,0,0.3,0.9,360
site5,normal,1,360,0.4580150269753279,0.0,0,100.0,710.6301599999999,0,2,0,0.5744197124756335,0.5078501941440149,0.18283586455382175,0.7222222222222222,1705.3125714285716,1392.7551885714286,oracle_mpc,777,normal,main,0,0.3,0.9,360
site5,normal,2,360,0.5369484771122555,0.0,0,100.0,710.6301599999999,0,2,0,0.5744197124756335,0.48678364428094223,0.18152519298948833,0.7166666666666667,1705.3125714285716,1392.7551885714286,oracle_mpc,777,normal,main,0,0.3,0.9,360
site5,normal,3,360,0.5160688375398393,0.0,0,100.0,710.6301599999999,0,2,0,0.5744197124756335,0.5092373380418593,0.14274422759517608,0.7194444444444444,1705.3125714285716,1392.7551885714286,oracle_mpc,777,normal,main,0,0.3,0.9,360
site5,normal,4,360,0.5726457547994304,0.0,0,100.0,710.6301599999999,0,2,0,0.5744197124756335,0.48581425530145056,0.19932114485476735,0.7166666666666667,1705.3125714285716,1392.7551885714286,oracle_mpc,777,normal,main,0,0.3,0.9,360
