site,lead_scenario,episode,steps,init_inv_frac,EENS_kWh,outage_hours,uptime_pct,diesel_kWh,stockout_events,orders_placed,violations,mean_soc,mean_inv_pct,min_inv_pct,dg_on_fraction,grid_kWh,cost_proxy,policy,seed,train_scenario,experiment_tag,train_steps,init_low,init_high,episode_len
site6,delayed,0,360,0.7094111179488861,0.0,0,100.0,0.0,0,0,0,0.9024061089903256,0.7094111179488862,0.7094111179488861,0.5638888888888889,1242.0074761904762,496.8029904761905,oracle_mpc,123,normal,main,0,0.3,0.9,360
site6,delayed,1,360,0.7711518684233507,0.0,0,100.0,0.0,0,0,0,0.9024061089903256,0.7711518684233507,0.7711518684233507,0.5583333333333333,1242.0074761904762,496.8029904761905,oracle_mpc,123,normal,main,0,0.3,0.9,360
site6,delayed,2,360,0.8110496901605238,0.0,0,100.0,0.0,0,0,0,0.9024061089903256,0.8110496901605238,0.8110496901605238,0.5611111111111111,1242.0074761904762,496.8029904761905,oracle_mpc,123,normal,main,0,0.3,0.9,360
site6,delayed,3,360,0.30370564558119556,0.0,0,100.0,0.0,0,0,0,0.9024061089903256,0.3037056455811955,0.30370564558119556,0.5555555555555556,1242.0074761904762,496.8029904761905,oracle_mpc,123,normal,main,0,0.3,0.9,360
site6,delayed,4,360,0.33747994064002396,0.0,0,100.0,0.0,0,0,0,0.9024061089903256,0.33747994064002385,0.33747994064002396,0.5527777777777778,1242.0074761904762,496.8029904761905,oracle_mpc,123,normal,main,0,0.3,0.9,360
