site,lead_scenario,episode,steps,init_inv_frac,EENS_kWh,outage_hours,uptime_pct,diesel_kWh,stockout_events,orders_placed,violations,mean_soc,mean_inv_pct,min_inv_pct,dg_on_fraction,grid_kWh,cost_proxy,policy,seed,train_scenario,experiment_tag,train_steps,init_low,init_high,episode_len
site6,delayed,0,360,0.6666563579681828,0.0,0,100.0,0.0,0,0,0,0.9024061089903256,0.6666563579681828,0.6666563579681828,0.5666666666666667,1242.0074761904762,496.8029904761905,oracle_mpc,777,normal,main,0,0.3,0.9,360
site6,delayed,1,360,0.4580150269753279,0.0,0,100.0,0.0,0,0,0,0.9024061089903256,0.4580150269753279,0.4580150269753279,0.5527777777777778,1242.0074761904762,496.8029904761905,oracle_mpc,777,normal,main,0,0.3,0.9,360
site6,delayed,2,360,0.5369484771122555,0.0,0,100.0,0.0,0,0,0,0.9024061089903256,0.5369484771122554,0.5369484771122555,0.5555555555555556,1242.0074761904762,496.8029904761905,oracle_mpc,777,normal,main,0,0.3,0.9,360
site6,delayed,3,360,0.5160688375398393,0.0,0,100.0,0.0,0,0,0,0.9024061089903256,0.5160688375398392,0.5160688375398393,0.5611111111111111,1242.0074761904762,496.8029904761905,oracle_mpc,777,normal,main,0,0.3,0.9,360
site6,delayed,4,360,0.5726457547994304,0.0,0,100.0,0.0,0,0,0,0.9024061089903256,0.5726457547994305,0.5726457547994304,0.5527777777777778,1242.0074761904762,496.8029904761905,oracle_mpc,777,normal,main,0,0.3,0.9,360
