site,lead_scenario,episode,steps,init_inv_frac,EENS_kWh,outage_hours,uptime_pct,diesel_kWh,stockout_events,orders_placed,violations,mean_soc,mean_inv_pct,min_inv_pct,dg_on_fraction,grid_kWh,cost_proxy,policy,seed,train_scenario,experiment_tag,train_steps,init_low,init_high,episode_len
site8,monsoon,0,360,0.7643736291335781,0.0,0,100.0,26.8936,0,0,0,0.8226001371742111,0.5957432861091607,0.579763736081779,0.5833333333333334,239.81864761904762,122.82105904761906,oracle_mpc,42,normal,main,0,0.3,0.9,360
site8,monsoon,1,360,0.6913795576205464,0.0,0,100.0,26.8936,0,0,0,0.8226001371742111,0.5227492145961288,0.5067696645687473,0.5916666666666667,239.81864761904762,122.82105904761906,oracle_mpc,42,normal,main,0,0.3,0.9,360
site8,monsoon,2,360,0.37353930580432293,0.0,0,100.0,26.8936,0,1,0,0.8226001371742111,0.45324229611323863,0.18892941275252376,0.5833333333333334,239.81864761904762,122.82105904761906,oracle_mpc,42,normal,main,0,0.3,0.9,360
site8,monsoon,3,360,0.6438783941685035,0.0,0,100.0,26.8936,0,0,0,0.8226001371742111,0.4752480511440858,0.45926850111670425,0.5888888888888889,239.81864761904762,122.82105904761906,oracle_mpc,42,normal,main,0,0.3,0.9,360
site8,monsoon,4,360,0.8433625660141872,0.0,0,100.0,26.8936,0,0,0,0.8226001371742111,0.6747322229897694,0.658752672962388,0.5833333333333334,239.81864761904762,122.82105904761906,oracle_mpc,42,normal,main,0,0.3,0.9,360
