site,lead_scenario,episode,steps,init_inv_frac,EENS_kWh,outage_hours,uptime_pct,diesel_kWh,stockout_events,orders_placed,violations,mean_soc,mean_inv_pct,min_inv_pct,dg_on_fraction,grid_kWh,cost_proxy,policy,seed,train_scenario,experiment_tag,train_steps,init_low,init_high,episode_len
site7,extreme,0,360,0.7094111179488861,99.41087000000002,30,91.6667,177.37313,0,1,0,0.700036537298751,0.30137581105553907,0.12987400104370408,0.5277777777777778,765.2942142857142,483.4908157142857,oracle_mpc,123,normal,main,0,0.3,0.9,360
site7,extreme,1,360,0.7711518684233507,81.2506,24,93.3333,195.5334,0,1,0,0.700036537298751,0.34292195308358436,0.13227909837826154,0.5694444444444444,765.2942142857142,501.6510857142857,oracle_mpc,123,normal,main,0,0.3,0.9,360
site7,extreme,2,360,0.8110496901605238,0.0,0,100.0,276.784,0,1,0,0.700036537298751,0.5485567989699801,0.1961436913367637,0.6611111111111111,765.2942142857142,582.9016857142857,oracle_mpc,123,normal,main,0,0.3,0.9,360
site7,extreme,3,360,0.30370564558119556,53.67223,15,95.8333,223.11177000000004,0,2,0,0.700036537298751,0.3610529570197661,0.12902976503489746,0.45,765.2942142857142,529.2294557142857,oracle_mpc,123,normal,main,0,0.3,0.9,360
site7,extreme,4,360,0.33747994064002396,215.0252,64,82.2222,61.758799999999994,0,1,0,0.700036537298751,0.15084293682087452,0.13569336284482042,0.15,765.2942142857142,367.8764857142857,oracle_mpc,123,normal,main,0,0.3,0.9,360
