site,lead_scenario,episode,steps,init_inv_frac,EENS_kWh,outage_hours,uptime_pct,diesel_kWh,stockout_events,orders_placed,violations,mean_soc,mean_inv_pct,min_inv_pct,dg_on_fraction,grid_kWh,cost_proxy,policy,seed,train_scenario,experiment_tag,train_steps,init_low,init_high,episode_len
site4,extreme,0,360,0.7643736291335781,0.0,0,100.0,207.05554,0,0,0,0.7302926932170963,0.6241564014199652,0.46611639581493747,0.6166666666666667,2190.6675238095236,1083.3225495238096,oracle_mpc,42,normal,main,0,0.3,0.9,360
site4,extreme,1,360,0.6913795576205464,0.0,0,100.0,207.05554,0,0,0,0.7302926932170963,0.5511623299069335,0.39312232430190575,0.6111111111111112,2190.6675238095236,1083.3225495238096,oracle_mpc,42,normal,main,0,0.3,0.9,360
site4,extreme,2,360,0.37353930580432293,2.1950000000000003,1,99.7222,204.86054000000001,0,1,0,0.7302926932170963,0.23473611918122883,0.07844390349553804,0.5972222222222222,2190.6675238095236,1081.1275495238096,oracle_mpc,42,normal,main,0,0.3,0.9,360
site4,extreme,3,360,0.6438783941685035,0.0,0,100.0,207.05554,0,0,0,0.7302926932170963,0.5036611664548906,0.34562116084986294,0.6055555555555555,2190.6675238095236,1083.3225495238096,oracle_mpc,42,normal,main,0,0.3,0.9,360
site4,extreme,4,360,0.8433625660141872,0.0,0,100.0,207.05554,0,0,0,0.7302926932170963,0.7031453383005744,0.5451053326955466,0.6083333333333333,2190.6675238095236,1083.3225495238096,oracle_mpc,42,normal,main,0,0.3,0.9,360
