site,lead_scenario,episode,steps,init_inv_frac,EENS_kWh,outage_hours,uptime_pct,diesel_kWh,stockout_events,orders_placed,violations,mean_soc,mean_inv_pct,min_inv_pct,dg_on_fraction,grid_kWh,cost_proxy,policy,seed,train_scenario,experiment_tag,train_steps,init_low,init_high,episode_len
site5,normal,0,360,0.7643736291335781,0.0,0,100.0,710.6301599999999,0,2,0,0.5744197124756335,0.4258754629689316,0.08384057015414782,0.7194444444444444,1705.3125714285716,1392.7551885714286,oracle_mpc,42,normal,main,0,0.3,0.9,360
site5,normal,1,360,0.6913795576205464,0.0,0,100.0,710.6301599999999,0,2,0,0.5744197124756335,0.5245480581225664,0.23393950594612184,0.7111111111111111,1705.3125714285716,1392.7551885714286,oracle_mpc,42,normal,main,0,0.3,0.9,360
site5,normal,2,360,0.37353930580432293,26.138799999999996,4,98.8889,684.49136,0,2,0,0.5744197124756335,0.3961199005929305,0.06462566735215826,0.7027777777777777,1705.3125714285716,1366.6163885714286,oracle_mpc,42,normal,main,0,0.3,0.9,360
site5,normal,3,360,0.6438783941685035,0.0,0,100.0,710.6301599999999,0,2,0,0.5744197124756335,0.465380228003857,0.1303409601765875,0.7194444444444444,1705.3125714285716,1392.7551885714286,oracle_mpc,42,normal,main,0,0.3,0.9,360
site5,normal,4,360,0.8433625660141872,0.0,0,100.0,710.6301599999999,0,1,0,0.5744197124756335,0.5415310665162074,0.16357665528575085,0.7138888888888889,1705.3125714285716,1392.7551885714286,oracle_mpc,42,normal,main,0,0.3,0.9,360
