site,lead_scenario,episode,steps,init_inv_frac,EENS_kWh,outage_hours,uptime_pct,diesel_kWh,stockout_events,orders_placed,violations,mean_soc,mean_inv_pct,min_inv_pct,dg_on_fraction,grid_kWh,cost_proxy,policy,seed,train_scenario,experiment_tag,train_steps,init_low,init_high,episode_len
site9,delayed,0,360,0.7643736291335781,0.0,0,100.0,57.560460000000006,0,0,0,0.7588148834019203,0.677990542369553,0.5709840981565586,0.5972222222222222,986.617,452.20726,oracle_mpc,42,normal,main,0,0.3,0.9,360
site9,delayed,1,360,0.6913795576205464,0.0,0,100.0,57.560460000000006,0,0,0,0.7588148834019203,0.6049964708565211,0.49799002664352693,0.5944444444444444,986.617,452.20726,oracle_mpc,42,normal,main,0,0.3,0.9,360
site9,delayed,2,360,0.37353930580432293,0.0,0,100.0,57.560460000000006,0,1,0,0.7588148834019203,0.41215621904029776,0.21450886634726074,0.6,986.617,452.20726,oracle_mpc,42,normal,main,0,0.3,0.9,360
site9,delayed,3,360,0.6438783941685035,0.0,0,100.0,57.560460000000006,0,0,0,0.7588148834019203,0.5574953074044784,0.45048886319148407,0.5972222222222222,986.617,452.20726,oracle_mpc,42,normal,main,0,0.3,0.9,360
site9,delayed,4,360,0.8433625660141872,0.0,0,100.0,57.560460000000006,0,0,0,0.7588148834019203,0.7569794792501621,0.6499730350371679,0.6,986.617,452.20726,oracle_mpc,42,normal,main,0,0.3,0.9,360
