site,lead_scenario,episode,steps,init_inv_frac,EENS_kWh,outage_hours,uptime_pct,diesel_kWh,stockout_events,orders_placed,violations,mean_soc,mean_inv_pct,min_inv_pct,dg_on_fraction,grid_kWh,cost_proxy,policy,seed,train_scenario,experiment_tag,train_steps,init_low,init_high,episode_len
site4,normal,0,360,0.6666563579681828,0.0,0,100.0,207.05554,0,0,0,0.7302926932170963,0.5264391302545698,0.3683991246495422,0.6027777777777777,2190.6675238095236,1083.3225495238096,oracle_mpc,777,normal,main,0,0.3,0.9,360
site4,normal,1,360,0.4580150269753279,0.0,0,100.0,207.05554,0,1,0,0.7302926932170963,0.46446446592838175,0.22878337351776853,0.6083333333333333,2190.6675238095236,1083.3225495238096,oracle_mpc,777,normal,main,0,0.3,0.9,360
site4,normal,2,360,0.5369484771122555,0.0,0,100.0,207.05554,0,1,0,0.7302926932170963,0.46339791606530917,0.23869124379361498,0.6027777777777777,2190.6675238095236,1083.3225495238096,oracle_mpc,777,normal,main,0,0.3,0.9,360
site4,normal,3,360,0.5160688375398393,0.0,0,100.0,207.05554,0,1,0,0.7302926932170963,0.42085160982622655,0.21781160422119888,0.6027777777777777,2190.6675238095236,1083.3225495238096,oracle_mpc,777,normal,main,0,0.3,0.9,360
site4,normal,4,360,0.5726457547994304,0.0,0,100.0,207.05554,0,0,0,0.7302926932170963,0.43242852708581747,0.27438852148078985,0.6138888888888889,2190.6675238095236,1083.3225495238096,oracle_mpc,777,normal,main,0,0.3,0.9,360
