site,lead_scenario,episode,steps,init_inv_frac,EENS_kWh,outage_hours,uptime_pct,diesel_kWh,stockout_events,orders_placed,violations,mean_soc,mean_inv_pct,min_inv_pct,dg_on_fraction,grid_kWh,cost_proxy,policy,seed,train_scenario,experiment_tag,train_steps,init_low,init_high,episode_len
site10,normal,0,360,0.7643736291335781,0.0,0,100.0,41.66501000000001,0,0,0,0.8073196035033571,0.6947869448797112,0.6218112014156026,0.6111111111111112,974.6851904761904,431.5390861904762,oracle_mpc,42,normal,main,0,0.3,0.9,360
site10,normal,1,360,0.6913795576205464,0.0,0,100.0,41.66501000000001,0,0,0,0.8073196035033571,0.6217928733666792,0.5488171299025709,0.6111111111111112,974.6851904761904,431.5390861904762,oracle_mpc,42,normal,main,0,0.3,0.9,360
site10,normal,2,360,0.37353930580432293,0.0,0,100.0,41.66501000000001,0,1,0,0.8073196035033571,0.3589526215504558,0.24720500528902475,0.6083333333333333,974.6851904761904,431.5390861904762,oracle_mpc,42,normal,main,0,0.3,0.9,360
site10,normal,3,360,0.6438783941685035,0.0,0,100.0,41.66501000000001,0,0,0,0.8073196035033571,0.5742917099146363,0.5013159664505279,0.6111111111111112,974.6851904761904,431.5390861904762,oracle_mpc,42,normal,main,0,0.3,0.9,360
site10,normal,4,360,0.8433625660141872,0.0,0,100.0,41.66501000000001,0,0,0,0.8073196035033571,0.7737758817603202,0.7008001382962118,0.6083333333333333,974.6851904761904,431.5390861904762,oracle_mpc,42,normal,main,0,0.3,0.9,360
