site,lead_scenario,episode,steps,init_inv_frac,EENS_kWh,outage_hours,uptime_pct,diesel_kWh,stockout_events,orders_placed,violations,mean_soc,mean_inv_pct,min_inv_pct,dg_on_fraction,grid_kWh,cost_proxy,policy,seed,train_scenario,experiment_tag,train_steps,init_low,init_high,episode_len
site8,delayed,0,360,0.6666563579681828,0.0,0,100.0,26.8936,0,0,0,0.8226001371742111,0.49802601494376497,0.48204646491638353,0.5805555555555556,239.81864761904762,122.82105904761906,oracle_mpc,777,normal,main,0,0.3,0.9,360
site8,delayed,1,360,0.4580150269753279,0.0,0,100.0,26.8936,0,0,0,0.8226001371742111,0.2893846839509102,0.2734051339235287,0.575,239.81864761904762,122.82105904761906,oracle_mpc,777,normal,main,0,0.3,0.9,360
site8,delayed,2,360,0.5369484771122555,0.0,0,100.0,26.8936,0,0,0,0.8226001371742111,0.36831813408783803,0.3523385840604565,0.5777777777777777,239.81864761904762,122.82105904761906,oracle_mpc,777,normal,main,0,0.3,0.9,360
site8,delayed,3,360,0.5160688375398393,0.0,0,100.0,26.8936,0,0,0,0.8226001371742111,0.34743849451542175,0.3314589444880402,0.5888888888888889,239.81864761904762,122.82105904761906,oracle_mpc,777,normal,main,0,0.3,0.9,360
site8,delayed,4,360,0.5726457547994304,0.0,0,100.0,26.8936,0,0,0,0.8226001371742111,0.40401541177501293,0.3880358617476314,0.5861111111111111,239.81864761904762,122.82105904761906,oracle_mpc,777,normal,main,0,0.3,0.9,360
