site,lead_scenario,episode,steps,init_inv_frac,EENS_kWh,outage_hours,uptime_pct,diesel_kWh,stockout_events,orders_placed,violations,mean_soc,mean_inv_pct,min_inv_pct,dg_on_fraction,grid_kWh,cost_proxy,policy,seed,train_scenario,experiment_tag,train_steps,init_low,init_high,episode_len
site5,delayed,0,360,0.6666563579681828,162.70960000000002,21,94.1667,547.92056,0,1,0,0.5744197124756335,0.3695833005129409,0.062351066001025184,0.6388888888888888,1705.3125714285716,1230.0455885714287,oracle_mpc,777,normal,main,0,0.3,0.9,360
site5,delayed,1,360,0.4580150269753279,102.06068,18,95.0,608.56948,0,2,0,0.5744197124756335,0.3593168033206646,0.05855527775610453,0.6555555555555556,1705.3125714285716,1290.6945085714287,oracle_mpc,777,normal,main,0,0.3,0.9,360
site5,delayed,2,360,0.5369484771122555,0.0,0,100.0,710.6301599999999,0,2,0,0.5744197124756335,0.48678364428094223,0.18152519298948833,0.7138888888888889,1705.3125714285716,1392.7551885714286,oracle_mpc,777,normal,main,0,0.3,0.9,360
site5,delayed,3,360,0.5160688375398393,0.0,0,100.0,710.6301599999999,0,2,0,0.5744197124756335,0.5092373380418593,0.14274422759517608,0.7194444444444444,1705.3125714285716,1392.7551885714286,oracle_mpc,777,normal,main,0,0.3,0.9,360
site5,delayed,4,360,0.5726457547994304,103.30999999999999,13,96.3889,607.32016,0,2,0,0.5744197124756335,0.36445492160852727,0.06484711191898082,0.6333333333333333,1705.3125714285716,1289.4451885714286,oracle_mpc,777,normal,main,0,0.3,0.9,360
