site,lead_scenario,episode,steps,init_inv_frac,EENS_kWh,outage_hours,uptime_pct,diesel_kWh,stockout_events,orders_placed,violations,mean_soc,mean_inv_pct,min_inv_pct,dg_on_fraction,grid_kWh,cost_proxy,policy,seed,train_scenario,experiment_tag,train_steps,init_low,init_high,episode_len
site1,extreme,0,360,0.6666563579681828,0.0,0,100.0,36.545,0,0,0,0.8725245970507546,0.6224900363541548,0.5525965206388278,0.5388888888888889,1198.1051428571427,515.7870571428571,oracle_mpc,777,normal,main,0,0.3,0.9,360
site1,extreme,1,360,0.4580150269753279,0.0,0,100.0,36.545,0,0,0,0.8725245970507546,0.41384870536129986,0.3439551896459728,0.5388888888888889,1198.1051428571427,515.7870571428571,oracle_mpc,777,normal,main,0,0.3,0.9,360
site1,extreme,2,360,0.5369484771122555,0.0,0,100.0,36.545,0,0,0,0.8725245970507546,0.49278215549822746,0.4228886397829004,0.5416666666666666,1198.1051428571427,515.7870571428571,oracle_mpc,777,normal,main,0,0.3,0.9,360
site1,extreme,3,360,0.5160688375398393,0.0,0,100.0,36.545,0,0,0,0.8725245970507546,0.47190251592581134,0.4020090002104843,0.5416666666666666,1198.1051428571427,515.7870571428571,oracle_mpc,777,normal,main,0,0.3,0.9,360
site1,extreme,4,360,0.5726457547994304,0.0,0,100.0,36.545,0,0,0,0.8725245970507546,0.5284794331854024,0.4585859174700754,0.5444444444444444,1198.1051428571427,515.7870571428571,oracle_mpc,777,normal,main,0,0.3,0.9,360
