site,lead_scenario,episode,steps,init_inv_frac,EENS_kWh,outage_hours,uptime_pct,diesel_kWh,stockout_events,orders_placed,violations,mean_soc,mean_inv_pct,min_inv_pct,dg_on_fraction,grid_kWh,cost_proxy,policy,seed,train_scenario,experiment_tag,train_steps,init_low,init_high,episode_len
site2,monsoon,0,360,0.7643736291335781,25.707,3,99.1667,723.85442,0,1,0,0.6408744709317017,0.46204749636223996,0.08344141403226363,0.6444444444444445,2409.114428571428,1687.5001914285713,oracle_mpc,42,normal,main,0,0.3,0.9,360
site2,monsoon,1,360,0.6913795576205464,0.0,0,100.0,749.56142,0,2,0,0.6408744709317017,0.44297868043093114,0.09802529342527615,0.65,2409.114428571428,1713.2071914285712,oracle_mpc,42,normal,main,0,0.3,0.9,360
site2,monsoon,2,360,0.37353930580432293,214.40019999999998,27,92.5,535.16122,0,2,0,0.6408744709317017,0.2634860485488985,0.0888219732080323,0.41944444444444445,2409.114428571428,1498.806991428571,oracle_mpc,42,normal,main,0,0.3,0.9,360
site2,monsoon,3,360,0.6438783941685035,0.0,0,100.0,749.56142,0,2,0,0.6408744709317017,0.41381085031222176,0.13795582396230427,0.6527777777777778,2409.114428571428,1713.2071914285712,oracle_mpc,42,normal,main,0,0.3,0.9,360
site2,monsoon,4,360,0.8433625660141872,12.754999999999999,2,99.4444,736.80642,0,1,0,0.6408744709317017,0.5118775584678165,0.12542418393814508,0.6527777777777778,2409.114428571428,1700.4521914285713,oracle_mpc,42,normal,main,0,0.3,0.9,360
