site,lead_scenario,episode,steps,init_inv_frac,EENS_kWh,outage_hours,uptime_pct,diesel_kWh,stockout_events,orders_placed,violations,mean_soc,mean_inv_pct,min_inv_pct,dg_on_fraction,grid_kWh,cost_proxy,policy,seed,train_scenario,experiment_tag,train_steps,init_low,init_high,episode_len
site3,normal,0,360,0.7643736291335781,0.0,0,100.0,122.62310000000004,0,0,0,0.720046309833225,0.571116819684195,0.464913093820498,0.6194444444444445,1314.9257619047619,648.5934047619048,oracle_mpc,42,normal,main,0,0.3,0.9,360
site3,normal,1,360,0.6913795576205464,0.0,0,100.0,122.62310000000004,0,0,0,0.720046309833225,0.49812274817116337,0.3919190223074662,0.6194444444444445,1314.9257619047619,648.5934047619048,oracle_mpc,42,normal,main,0,0.3,0.9,360
site3,normal,2,360,0.37353930580432293,0.0,0,100.0,122.62310000000004,0,1,0,0.720046309833225,0.6636158296882732,0.22767479471709023,0.6194444444444445,1314.9257619047619,648.5934047619048,oracle_mpc,42,normal,main,0,0.3,0.9,360
site3,normal,3,360,0.6438783941685035,0.0,0,100.0,122.62310000000004,0,0,0,0.720046309833225,0.45062158471912045,0.3444178588554234,0.6222222222222222,1314.9257619047619,648.5934047619048,oracle_mpc,42,normal,main,0,0.3,0.9,360
site3,normal,4,360,0.8433625660141872,0.0,0,100.0,122.62310000000004,0,0,0,0.720046309833225,0.6501057565648044,0.5439020307011072,0.6194444444444445,1314.9257619047619,648.5934047619048,oracle_mpc,42,normal,main,0,0.3,0.9,360
