site,lead_scenario,episode,steps,init_inv_frac,EENS_kWh,outage_hours,uptime_pct,diesel_kWh,stockout_events,orders_placed,violations,mean_soc,mean_inv_pct,min_inv_pct,dg_on_fraction,grid_kWh,cost_proxy,policy,seed,train_scenario,experiment_tag,train_steps,init_low,init_high,episode_len
site5,extreme,0,360,0.7643736291335781,289.96884,46,87.2222,420.66132000000005,0,1,0,0.5744197124756335,0.2978758321776633,0.06406977552668978,0.5583333333333333,1705.3125714285716,1102.7863485714288,oracle_mpc,42,normal,main,0,0.3,0.9,360
site5,extreme,1,360,0.6913795576205464,334.00644,53,85.2778,376.62372,0,1,0,0.5744197124756335,0.25733275172001363,0.06438812785048414,0.5222222222222223,1705.3125714285716,1058.7487485714287,oracle_mpc,42,normal,main,0,0.3,0.9,360
site5,extreme,2,360,0.37353930580432293,527.5244399999999,81,77.5,183.10572,0,1,0,0.5744197124756335,0.13015480598596768,0.06871061051695049,0.3,1705.3125714285716,865.2307485714286,oracle_mpc,42,normal,main,0,0.3,0.9,360
site5,extreme,3,360,0.6438783941685035,86.6988,12,96.6667,623.93136,0,2,0,0.5744197124756335,0.3641822252085251,0.06702846974900825,0.6694444444444444,1705.3125714285716,1306.0563885714287,oracle_mpc,42,normal,main,0,0.3,0.9,360
site5,extreme,4,360,0.8433625660141872,240.02364,41,88.6111,470.60652000000005,0,1,0,0.5744197124756335,0.34815984452409326,0.059911500229182,0.5694444444444444,1705.3125714285716,1152.7315485714287,oracle_mpc,42,normal,main,0,0.3,0.9,360
