site,lead_scenario,episode,steps,init_inv_frac,EENS_kWh,outage_hours,uptime_pct,diesel_kWh,stockout_events,orders_placed,violations,mean_soc,mean_inv_pct,min_inv_pct,dg_on_fraction,grid_kWh,cost_proxy,policy,seed,train_scenario,experiment_tag,train_steps,init_low,init_high,episode_len
site3,extreme,0,360,0.6666563579681828,0.0,0,100.0,122.62310000000004,0,0,0,0.720046309833225,0.47339954851879973,0.3671958226551026,0.6166666666666667,1314.9257619047619,648.5934047619048,oracle_mpc,777,normal,main,0,0.3,0.9,360
site3,extreme,1,360,0.4580150269753279,0.0,0,100.0,122.62310000000004,0,1,0,0.720046309833225,0.2647582175259449,0.1585544916622478,0.6222222222222222,1314.9257619047619,648.5934047619048,oracle_mpc,777,normal,main,0,0.3,0.9,360
site3,extreme,2,360,0.5369484771122555,0.0,0,100.0,122.62310000000004,0,1,0,0.720046309833225,0.37369166766287226,0.2428996835203826,0.6166666666666667,1314.9257619047619,648.5934047619048,oracle_mpc,777,normal,main,0,0.3,0.9,360
site3,extreme,3,360,0.5160688375398393,0.0,0,100.0,122.62310000000004,0,1,0,0.720046309833225,0.40447869475712295,0.2434450219688711,0.6222222222222222,1314.9257619047619,648.5934047619048,oracle_mpc,777,normal,main,0,0.3,0.9,360
site3,extreme,4,360,0.5726457547994304,0.0,0,100.0,122.62310000000004,0,0,0,0.720046309833225,0.37938894535004714,0.2731852194863501,0.6222222222222222,1314.9257619047619,648.5934047619048,oracle_mpc,777,normal,main,0,0.3,0.9,360
