site,lead_scenario,episode,steps,init_inv_frac,EENS_kWh,outage_hours,uptime_pct,diesel_kWh,stockout_events,orders_placed,violations,mean_soc,mean_inv_pct,min_inv_pct,dg_on_fraction,grid_kWh,cost_proxy,policy,seed,train_scenario,experiment_tag,train_steps,init_low,init_high,episode_len
site5,monsoon,0,360,0.7643736291335781,4.526000000000001,1,99.7222,706.1041600000001,0,2,0,0.5744197124756335,0.4285754128038975,0.08384057015414782,0.7138888888888889,1705.3125714285716,1388.2291885714287,oracle_mpc,42,normal,main,0,0.3,0.9,360
site5,monsoon,1,360,0.6913795576205464,0.0,0,100.0,710.6301599999999,0,2,0,0.5744197124756335,0.4745480581225665,0.10834461745233771,0.7111111111111111,1705.3125714285716,1392.7551885714286,oracle_mpc,42,normal,main,0,0.3,0.9,360
site5,monsoon,2,360,0.37353930580432293,224.2656,33,90.8333,486.36456,0,2,0,0.5744197124756335,0.25174003808063894,0.06635662739104735,0.46944444444444444,1705.3125714285716,1168.4895885714286,oracle_mpc,42,normal,main,0,0.3,0.9,360
site5,monsoon,3,360,0.6438783941685035,28.726,4,98.8889,681.90416,0,2,0,0.5744197124756335,0.40557428640690696,0.10188206997808044,0.7,1705.3125714285716,1364.0291885714287,oracle_mpc,42,normal,main,0,0.3,0.9,360
site5,monsoon,4,360,0.8433625660141872,0.0,0,100.0,710.6301599999999,0,1,0,0.5744197124756335,0.5415310665162074,0.16357665528575085,0.7138888888888889,1705.3125714285716,1392.7551885714286,oracle_mpc,42,normal,main,0,0.3,0.9,360
