site,lead_scenario,episode,steps,init_inv_frac,EENS_kWh,outage_hours,uptime_pct,diesel_kWh,stockout_events,orders_placed,violations,mean_soc,mean_inv_pct,min_inv_pct,dg_on_fraction,grid_kWh,cost_proxy,policy,seed,train_scenario,experiment_tag,train_steps,init_low,init_high,episode_len
site5,normal,0,360,0.7643736291335781,25.759999999999998,3,99.1667,684.8701599999999,0,2,0,0.5744197124756335,0.4261188891667697,0.08384057015414782,0.41388888888888886,1705.3125714285716,1366.9951885714286,mpc,42,normal,main,0,0.3,0.9,360
site5,normal,1,360,0.6913795576205464,0.0,0,100.0,710.6301599999999,0,2,0,0.5744197124756335,0.5245480581225664,0.23393950594612184,0.4222222222222222,1705.3125714285716,1392.7551885714286,mpc,42,normal,main,0,0.3,0.9,360
