site,lead_scenario,episode,steps,init_inv_frac,EENS_kWh,outage_hours,uptime_pct,diesel_kWh,stockout_events,orders_placed,violations,mean_soc,mean_inv_pct,min_inv_pct,dg_on_fraction,grid_kWh,cost_proxy,policy,seed,train_scenario,experiment_tag,train_steps,init_low,init_high,episode_len
site5,normal,0,360,0.7643736291335781,559.25424,68,81.1111,151.37592,0,1,0,0.5744197124756335,0.781440523984559,0.6004773375726242,0.4888888888888889,1705.3125714285716,833.5009485714286,RLInv,42,normal,main,0,0.3,0.9,360
site5,normal,1,360,0.6913795576205464,553.1992,66,81.6667,157.43096,0,1,0,0.5744197124756335,0.8678025739005061,0.6913795576205464,0.5138888888888888,1705.3125714285716,839.5559885714287,RLInv,42,normal,main,0,0.3,0.9,360
site5,normal,2,360,0.37353930580432293,552.48824,67,81.3889,158.14192,0,2,0,0.5744197124756335,0.7662112978815034,0.37353930580432293,0.49444444444444446,1705.3125714285716,840.2669485714287,RLInv,42,normal,main,0,0.3,0.9,360
site5,normal,3,360,0.6438783941685035,551.45544,66,81.6667,159.17471999999998,0,2,0,0.5744197124756335,0.7960973933982708,0.6438783941685035,0.5,1705.3125714285716,841.2997485714286,RLInv,42,normal,main,0,0.3,0.9,360
site5,normal,4,360,0.8433625660141872,551.058,66,81.6667,159.57216,0,1,0,0.5744197124756335,0.8601333876478953,0.6863380406397807,0.5166666666666667,1705.3125714285716,841.6971885714286,RLInv,42,normal,main,0,0.3,0.9,360
