site,lead_scenario,episode,steps,init_inv_frac,EENS_kWh,outage_hours,uptime_pct,diesel_kWh,stockout_events,orders_placed,violations,mean_soc,mean_inv_pct,min_inv_pct,dg_on_fraction,grid_kWh,cost_proxy,policy,seed,train_scenario,experiment_tag,train_steps,init_low,init_high,episode_len
site5,normal,0,360,0.7643736291335781,710.6301599999999,106,70.5556,0.0,0,0,0,0.5744197124756335,0.7643736291335781,0.7643736291335781,0.5055555555555555,1705.3125714285716,682.1250285714286,RLInv,42,normal,main,0,0.3,0.9,360
site5,normal,1,360,0.6913795576205464,710.6301599999999,106,70.5556,0.0,0,1,0,0.5744197124756335,0.7297128909538797,0.6913795576205464,0.5055555555555555,1705.3125714285716,682.1250285714286,RLInv,42,normal,main,0,0.3,0.9,360
