site,lead_scenario,episode,steps,init_inv_frac,EENS_kWh,outage_hours,uptime_pct,diesel_kWh,stockout_events,orders_placed,violations,mean_soc,mean_inv_pct,min_inv_pct,dg_on_fraction,grid_kWh,cost_proxy,policy,seed,train_scenario,experiment_tag,train_steps,init_low,init_high,episode_len
site5,extreme,0,360,0.7643736291335781,292.81683999999996,46,87.2222,417.81332000000003,0,1,0,0.5744197124756335,0.2995276250597037,0.06881103715510005,0.4861111111111111,1705.3125714285716,1099.9383485714286,LambdaTest,42,normal,main,0,0.3,0.9,360
site5,extreme,1,360,0.6913795576205464,252.28964000000002,40,88.8889,458.34052,0,1,0,0.5744197124756335,0.26248638953586656,0.05694194982676452,0.4222222222222222,1705.3125714285716,1140.4655485714286,LambdaTest,42,normal,main,0,0.3,0.9,360
site5,extreme,2,360,0.37353930580432293,527.13204,78,78.3333,183.49812,0,1,0,0.5744197124756335,0.12375434880345204,0.06805735522797991,0.24444444444444444,1705.3125714285716,865.6231485714286,LambdaTest,42,normal,main,0,0.3,0.9,360
site5,extreme,3,360,0.6438783941685035,6.98256,4,98.8889,703.6476,0,4,0,0.5744197124756335,0.4249108038880897,0.06869923174699719,0.7277777777777777,1705.3125714285716,1385.7726285714286,LambdaTest,42,normal,main,0,0.3,0.9,360
site5,extreme,4,360,0.8433625660141872,239.57484,40,88.8889,471.05532000000005,0,1,0,0.5744197124756335,0.34789004098901216,0.059164351978188125,0.4861111111111111,1705.3125714285716,1153.1803485714286,LambdaTest,42,normal,main,0,0.3,0.9,360
